battery-power;bluetooth;clock-speed;dual-sim;front-camera-pixels;four-g;internal-memory;mobile-depth;mobile-weight;processor-cores-number;ram-memory;three-g;touch-screen;wifi;price-range
842;0;2.2;0;1;0;7;0.6;188;2;2549;0;0;1;1
1021;1;0.5;1;0;1;53;0.7;136;3;2631;1;1;0;2
563;1;0.5;1;2;1;41;0.9;145;5;2603;1;1;0;2
615;1;2.5;0;0;0;10;0.8;131;6;2769;1;0;0;2
1821;1;1.2;0;13;1;44;0.6;141;2;1411;1;1;0;1
1859;0;0.5;1;3;0;22;0.7;164;1;1067;1;0;0;1
1821;0;1.7;0;4;1;10;0.8;139;8;3220;1;0;1;3
1954;0;0.5;1;0;0;24;0.8;187;4;700;1;1;1;0
1445;1;0.5;0;0;0;53;0.7;174;7;1099;1;0;0;0
509;1;0.6;1;2;1;9;0.1;93;5;513;1;0;0;0
769;1;2.9;1;0;0;9;0.1;182;5;3946;0;0;0;3
1520;1;2.2;0;5;1;33;0.5;177;8;3826;1;1;1;3
1815;0;2.8;0;2;0;33;0.6;159;4;1482;1;0;0;1
803;1;2.1;0;7;0;17;1;198;4;2680;1;0;1;2
1866;0;0.5;0;13;1;52;0.7;185;1;373;1;0;1;0
775;0;1;0;3;0;46;0.7;159;2;568;1;1;1;0
838;0;0.5;0;1;1;13;0.1;196;8;3554;1;0;1;3
595;0;0.9;1;7;1;23;0.1;121;3;3752;1;1;0;3
1131;1;0.5;1;11;0;49;0.6;101;5;1835;1;1;0;1
682;1;0.5;0;4;0;19;1;121;4;2337;0;1;1;1
772;0;1.1;1;12;0;39;0.8;81;7;2819;1;1;0;3
1709;1;2.1;0;1;0;13;1;156;2;3283;1;0;0;3
1949;0;2.6;1;4;0;47;0.3;199;4;1433;0;0;1;1
1602;1;2.8;1;4;1;38;0.7;114;3;1037;1;0;0;0
503;0;1.2;1;5;1;8;0.4;111;3;2583;1;0;0;1
961;1;1.4;1;0;1;57;0.6;114;8;2782;1;1;1;2
519;1;1.6;1;7;1;51;0.3;132;4;3763;1;0;1;3
956;0;0.5;0;1;1;41;1;143;7;3286;1;1;0;3
1453;0;1.6;1;12;1;52;0.3;96;2;2373;1;1;1;2
851;0;0.5;0;3;0;21;0.4;200;5;478;1;0;1;0
1579;1;0.5;1;0;0;5;0.2;88;7;3532;0;0;1;3
1568;1;0.5;0;16;0;33;1;150;8;508;1;1;1;0
1319;1;0.9;0;3;1;41;0.9;107;1;2227;1;1;1;1
1310;1;2.2;1;0;1;51;0.6;100;4;3845;1;1;0;3
644;1;2.7;0;0;0;22;0.7;157;8;1262;1;0;0;0
725;0;1.3;1;16;0;60;0.4;160;8;1326;1;0;0;1
589;1;2.3;1;1;0;61;0.6;160;4;2113;1;0;1;1
1725;1;1.6;1;6;1;6;0.5;119;2;3429;1;1;0;3
790;0;2;1;16;1;11;0.3;87;6;3169;1;0;1;2
560;0;0.5;1;15;0;50;0.3;159;2;2150;1;1;0;2
1347;0;2.9;0;5;0;44;0.6;132;1;2484;1;0;1;2
1646;1;2.3;0;8;1;41;0.2;185;2;3339;1;1;0;3
1253;1;0.5;1;5;1;5;0.2;152;2;1878;1;1;0;1
1656;0;1;0;5;1;34;0.1;166;3;1629;1;1;0;1
1195;1;2.8;0;1;1;20;0.8;110;2;504;1;1;0;0
1514;0;2.9;0;0;0;27;0.2;118;3;1152;0;1;1;1
1723;1;1.1;1;1;0;42;1;164;8;3587;1;0;0;3
1054;1;1.8;1;3;1;40;0.8;196;7;2296;1;0;1;1
578;1;2.6;1;2;1;57;0.2;162;8;1270;1;0;1;0
596;0;2.1;1;9;0;64;0.8;111;8;3238;0;0;0;3
1547;1;3;1;2;1;14;0.7;198;3;2059;1;0;1;2
1760;0;1.4;1;5;0;63;0.8;127;8;2053;0;1;0;2
1654;1;1.5;1;0;1;43;0.3;109;2;3112;1;1;0;3
1457;0;1.9;1;1;1;16;0.3;102;3;1440;1;0;1;1
1073;1;0.5;1;0;0;51;0.5;145;7;2908;0;1;0;2
1936;0;2.1;1;10;1;46;0.6;104;3;2552;1;0;0;2
823;1;2.7;1;13;0;60;0.5;148;8;905;1;1;1;0
987;0;1.3;1;0;1;61;0.4;107;3;3963;1;0;1;3
1757;0;0.5;0;8;0;49;0.5;180;6;2056;0;0;0;1
1063;0;1.4;1;2;1;48;1;128;5;2910;1;1;1;2
1484;0;3;0;3;0;12;0.6;134;3;1457;1;1;0;1
799;1;2.3;0;1;1;63;0.8;144;8;431;1;1;1;0
1156;1;1.2;1;0;1;50;0.8;159;2;470;1;1;0;0
1720;0;2;0;15;1;55;0.5;168;2;2148;1;1;1;2
702;0;2.6;1;2;1;9;0.7;141;3;2955;1;0;0;2
616;0;1.9;1;13;1;44;0.8;81;3;3366;1;1;0;3
1358;1;0.5;0;11;1;36;0.3;155;4;3068;1;1;0;3
1866;0;1.4;0;0;0;30;0.5;182;3;3834;0;0;0;3
1242;0;1.1;1;0;0;10;0.6;165;2;1050;1;0;1;0
1166;0;1.5;1;0;1;43;0.8;80;4;3993;1;1;0;3
1448;1;0.5;1;6;1;45;0.8;138;7;3378;1;1;1;3
1407;1;2.4;0;1;1;22;0.7;104;4;2192;1;0;1;2
605;0;1;0;8;1;9;0.1;142;3;392;1;0;0;0
1038;0;1.2;0;3;0;43;0.7;141;1;3709;1;1;1;3
797;1;2.9;1;4;0;38;0.5;90;4;590;0;1;0;0
819;0;0.6;1;8;1;42;0.9;188;6;1814;1;0;1;1
1114;0;2.8;0;4;1;9;0.4;197;3;907;1;1;0;0
1234;1;1.6;1;1;0;33;0.6;172;1;1449;0;0;1;0
1199;1;2.5;1;15;1;16;0.2;116;4;3448;1;0;1;3
1103;0;1;1;6;0;29;0.7;111;6;1837;0;1;1;1
1589;1;0.6;1;0;1;58;0.9;85;7;3464;1;1;1;3
999;0;2.9;1;11;1;64;0.2;199;4;2593;1;1;0;2
1510;1;0.9;1;2;0;45;0.9;180;5;3484;0;1;1;3
1008;0;0.8;0;11;0;61;1;114;3;2009;1;0;0;1
1127;1;2.9;1;5;1;57;0.8;163;1;2048;1;1;1;1
1412;1;2.4;0;5;0;25;0.8;96;8;837;0;0;1;1
1496;1;2;1;4;0;42;0.5;182;5;854;0;1;1;0
1083;1;2.9;1;1;1;64;0.8;178;3;3210;1;0;0;3
668;0;0.5;1;0;0;3;0.1;155;5;2746;1;1;1;2
1309;0;1.1;1;0;0;33;0.5;100;4;2334;1;0;1;2
1724;0;2;1;2;1;57;0.5;177;3;2822;1;1;0;3
1977;1;2;1;7;1;54;1;171;7;1971;1;1;0;2
885;0;2.3;1;0;1;15;0.4;103;7;1410;1;1;1;0
879;1;2.5;0;11;1;14;0.7;83;6;349;1;0;1;0
1322;0;1.7;1;6;0;7;0.8;140;3;1418;0;1;0;1
1137;1;1;0;18;0;7;1;196;3;3616;1;1;1;3
1355;0;2.3;0;10;1;23;0.2;132;5;880;1;1;0;0
1665;1;0.5;0;3;1;60;0.2;194;6;1601;1;0;0;2
657;0;2.5;0;0;0;37;0.7;141;2;1412;0;1;0;0
593;0;0.5;0;6;0;31;0.4;156;7;1692;1;0;0;1
1883;1;0.5;0;3;1;10;0.3;146;6;2600;1;0;0;3
1732;1;1.1;0;4;1;12;0.8;119;8;1308;1;0;1;1
543;0;0.5;0;0;0;57;0.7;192;5;2413;1;0;0;1
1939;1;2.8;1;0;1;55;0.6;199;4;1047;1;1;0;0
553;0;2.4;1;1;1;8;0.5;121;7;1204;1;1;1;0
832;0;0.7;1;2;1;39;0.7;103;4;1799;1;0;1;1
1661;0;1.9;1;5;0;23;1;172;5;2676;0;1;1;3
1657;1;2.4;0;3;0;42;0.1;198;5;2597;1;0;0;3
1135;1;2;1;0;0;46;0.3;83;1;3029;1;1;1;3
1775;1;1.5;0;3;0;41;0.1;163;1;2343;1;1;1;3
783;0;1.8;1;0;1;43;1;106;3;2016;1;1;0;1
617;1;2.3;0;0;0;32;0.5;199;7;2213;0;0;0;1
867;0;1.4;1;0;1;4;0.7;135;6;790;1;1;0;0
1310;1;1.1;1;13;0;7;1;194;5;3182;1;1;0;2
1804;0;0.5;0;9;1;22;0.6;153;7;3472;1;0;1;3
1900;1;2.3;0;1;1;18;0.2;89;7;2871;1;1;1;3
909;1;1.4;0;0;0;53;0.3;82;8;3187;1;0;0;2
1084;1;2.6;0;3;1;40;0.9;107;3;1945;1;1;0;1
1308;0;1.3;1;8;0;46;0.9;199;1;488;0;1;0;0
1778;0;0.5;0;0;0;15;0.5;102;3;1214;1;0;0;1
1701;1;1.6;1;3;0;10;0.3;194;8;2598;0;1;0;2
772;1;2.4;1;1;1;10;0.5;80;4;3242;1;1;0;3
825;1;0.5;1;7;0;52;0.9;130;3;3534;0;1;0;3
1379;0;1.1;0;5;1;36;0.8;200;2;3426;1;1;1;3
1166;0;2;0;3;1;25;0.8;198;5;2488;1;0;0;2
1659;0;2.8;0;5;0;16;0.6;89;1;3255;0;0;1;3
826;1;2.4;1;0;1;58;0.3;88;4;2863;1;0;1;2
1564;0;2.3;0;4;1;25;0.5;189;6;1496;1;1;1;1
1957;0;0.9;1;11;0;31;0.6;181;3;3801;1;0;1;3
1571;0;1.4;0;0;1;19;0.1;100;6;666;1;1;0;0
1414;0;2;1;2;0;54;0.8;99;7;3799;1;0;1;3
1790;0;2.5;1;9;0;2;0.1;184;1;1366;1;1;1;1
645;0;0.5;0;1;0;41;1;197;7;2962;1;1;1;2
668;0;2.9;1;7;0;30;0.2;195;8;2399;1;1;1;1
1652;1;1.1;1;1;0;36;0.7;89;4;2338;0;0;0;2
1213;1;0.5;0;0;0;16;0.5;108;5;2700;0;0;1;2
1272;1;2.5;1;0;0;22;0.9;133;6;2235;1;0;0;1
866;0;0.5;1;5;1;46;0.5;179;8;3825;1;1;1;3
536;0;2.4;1;12;1;3;0.3;182;7;284;1;1;0;0
523;0;2.6;1;1;0;14;0.1;155;8;1427;0;1;0;0
1753;0;0.5;1;0;1;31;0.1;134;1;1324;1;0;1;2
1218;0;1.8;1;1;1;14;0.5;147;3;398;1;0;0;0
1537;1;2.5;0;4;1;43;0.3;137;1;3685;1;1;1;3
786;0;2.2;1;0;0;33;0.5;141;7;2390;1;0;1;2
1678;0;2.1;0;3;1;64;0.9;134;3;278;1;1;0;0
1814;0;1.4;1;1;1;9;0.4;141;2;3556;1;0;0;3
1101;0;1.8;0;0;0;31;0.2;148;2;2196;0;1;1;1
1461;0;2.4;1;3;1;40;0.5;141;7;3799;1;0;0;3
1216;0;3;0;4;0;47;0.4;199;3;2268;0;1;1;2
506;0;1.6;0;6;1;41;0.8;159;1;2965;1;0;0;2
843;1;0.5;0;1;1;56;0.1;147;5;2341;1;1;1;1
742;0;2.2;1;4;0;56;0.2;190;7;3557;0;1;1;3
1692;1;2.1;0;3;1;61;0.9;176;6;1354;1;0;0;1
1485;0;1;0;2;1;32;0.7;84;2;2147;1;1;0;2
1547;0;2.9;1;6;0;45;0.7;166;2;505;0;1;1;0
1692;0;2.3;1;4;1;46;0.9;139;1;1394;1;1;0;1
637;0;2.3;0;3;1;60;0.8;97;4;374;1;0;1;0
1224;0;0.5;0;16;1;6;0.4;109;6;506;1;1;1;0
1356;0;2.8;0;0;0;29;0.5;198;6;3702;0;0;0;3
1840;0;0.5;1;12;0;34;0.7;142;1;1078;0;0;0;1
1481;1;0.7;1;4;1;37;0.6;96;5;2945;1;1;1;2
961;1;1.5;1;10;0;51;0.3;152;6;2981;1;1;1;2
1296;0;0.9;1;0;1;14;0.5;124;5;490;1;1;1;0
1193;0;0.9;0;11;0;26;0.5;166;1;536;1;0;1;0
1441;0;2.1;1;11;1;3;0.1;118;8;2317;1;0;1;2
517;0;1.4;1;3;1;33;0.8;183;4;3704;1;0;1;3
748;1;1.7;0;0;1;27;0.9;150;8;2126;1;0;0;1
1126;1;2.4;0;2;1;10;0.4;160;6;2050;1;1;1;2
1572;0;0.6;0;0;1;58;0.2;157;7;2462;1;0;0;3
1569;0;2.8;1;17;0;44;0.3;110;4;1260;1;0;0;1
1270;1;0.6;1;2;1;32;0.5;101;7;3770;1;1;0;3
1854;0;3;0;2;1;8;0.1;101;5;1886;1;1;0;1
625;1;1.2;1;5;1;10;0.2;183;4;3323;1;1;1;2
1577;0;0.5;1;0;1;42;0.3;197;5;2060;1;0;0;2
534;0;0.5;1;0;1;16;1;189;5;3926;1;0;0;3
946;0;1.7;1;8;1;25;0.8;143;6;2177;1;1;1;2
685;0;0.5;0;2;0;29;0.8;93;7;728;0;0;1;0
1949;0;1.3;1;0;0;23;0.1;101;5;2478;1;0;0;3
947;0;0.8;1;0;1;22;0.1;197;2;2842;1;0;0;2
801;1;2.2;1;2;0;63;0.4;165;7;1617;0;0;1;1
703;1;2.7;0;12;1;30;0.3;113;1;1472;1;0;0;0
1165;1;2.4;0;11;0;41;0.2;178;6;764;1;0;0;0
1082;0;0.8;0;0;0;38;0.1;198;8;2337;0;1;1;2
959;1;2.6;1;15;0;20;1;84;4;3965;1;0;0;3
1502;1;1.2;0;0;0;54;0.2;138;5;3693;1;1;0;3
1380;1;2.1;1;1;1;4;0.8;92;3;797;1;1;0;0
1266;0;0.5;0;0;1;5;0.1;95;6;1687;1;0;0;2
1934;1;2.6;1;0;1;46;0.1;103;1;2940;1;1;1;3
1905;1;0.5;0;3;1;6;0.5;151;1;1545;1;1;0;1
1831;0;1.4;1;2;0;43;0.9;150;5;3834;1;1;1;3
596;0;1.4;0;8;0;46;0.6;165;1;2505;1;1;0;1
1562;1;1.3;1;1;1;7;0.2;190;5;2243;1;0;0;2
1490;1;0.5;1;4;1;64;0.3;150;8;3600;1;1;1;3
1523;1;2.4;0;5;1;57;0.2;117;2;3971;1;1;1;3
640;0;0.6;0;0;0;20;0.1;163;4;2844;1;1;0;2
1526;0;2.1;0;1;1;23;0.2;117;7;2227;1;1;0;2
1989;0;2.5;1;0;1;41;0.8;94;3;1665;1;1;1;2
1308;0;1.9;0;0;1;61;0.7;106;3;3355;1;0;1;3
609;0;0.5;0;3;0;26;0.3;93;4;1866;1;1;1;1
1905;0;0.6;1;9;1;36;0.4;119;3;1287;1;0;0;1
1703;1;0.5;0;0;1;22;0.6;192;1;1046;1;0;1;0
1445;1;2.4;1;7;1;20;0.4;173;7;1441;1;1;1;1
1087;0;1.3;0;0;1;16;0.3;166;3;690;1;0;1;0
671;0;0.9;1;10;0;30;0.7;105;7;2504;1;0;0;2
1472;1;2.3;0;6;0;61;0.1;168;6;2677;1;0;0;2
765;0;0.5;1;0;1;47;0.3;115;8;2243;1;0;1;2
1642;0;0.5;1;16;1;8;0.3;171;6;2984;1;0;1;2
1265;0;1.5;0;7;0;49;0.7;182;5;1362;0;0;1;1
664;1;1.1;1;1;1;51;0.1;110;7;3629;1;1;1;3
1277;1;0.5;1;0;1;35;0.4;142;6;3559;1;1;0;3
1395;0;1.8;1;0;0;23;0.1;111;3;2571;1;0;1;2
1539;1;2.6;0;0;0;41;0.1;159;8;2107;1;0;1;2
1049;1;2.2;0;9;0;63;0.5;135;5;1022;0;0;0;0
1827;0;1.7;0;4;1;39;0.5;128;5;2844;1;1;0;2
903;0;1;1;0;1;50;0.4;91;1;711;1;1;0;0
1987;1;0.5;0;3;1;53;1;181;3;3117;1;1;1;3
1154;0;1.2;1;0;1;49;0.2;181;8;978;1;0;1;0
1336;0;0.9;0;5;1;17;0.2;194;5;1869;1;1;1;1
1886;0;0.5;0;0;1;24;0.4;112;3;1179;1;0;1;1
1551;0;1.1;0;4;0;51;0.1;88;5;3844;0;1;0;3
850;1;1.6;1;6;1;29;0.5;133;5;593;1;0;1;0
660;0;0.5;0;5;1;40;0.5;111;2;588;1;1;1;0
1225;1;2.1;1;8;0;13;0.5;116;4;3836;0;0;0;3
1452;1;0.5;1;1;1;25;0.9;123;6;2669;1;0;0;2
1686;1;2.8;1;3;0;38;0.1;166;4;2958;0;0;0;3
1634;1;1.4;0;1;1;17;0.2;200;2;3031;1;1;1;3
1708;1;2.4;1;18;1;49;0.1;109;1;3388;1;1;1;3
1151;1;2.9;1;0;0;31;0.6;128;8;2377;0;1;0;2
1578;0;1.9;1;2;1;37;0.1;138;4;2458;1;0;1;2
1689;0;1.8;0;17;0;24;0.3;127;3;2766;0;1;1;3
1488;0;0.5;0;1;0;39;0.8;112;5;3054;0;0;0;3
1313;1;1.8;1;4;0;9;0.4;105;1;3791;0;1;1;3
1715;0;1;1;4;1;31;0.5;83;8;625;1;0;0;0
1442;0;1;1;0;0;27;0.1;192;3;2227;1;1;0;1
528;0;1.7;0;12;1;6;0.8;142;2;3256;1;1;0;2
1523;1;1.8;0;6;1;11;0.1;129;1;707;1;1;0;0
1133;0;1.4;0;3;0;42;0.1;199;5;1457;1;0;1;1
1718;1;2.5;1;14;1;6;0.1;183;5;3755;1;1;1;3
1330;0;0.5;0;0;0;38;1;183;7;1733;1;0;1;1
1799;1;0.5;0;0;0;49;0.4;107;4;720;1;1;1;0
633;1;2.2;0;0;1;49;0.1;139;8;3560;1;1;1;2
724;0;2.7;1;0;0;44;0.5;187;7;2311;1;0;0;2
822;1;0.5;0;0;1;51;0.3;157;6;3846;1;0;0;3
1918;0;1.9;0;2;0;10;0.6;110;5;1717;1;1;1;2
1891;0;2.8;0;7;1;37;0.4;129;7;3704;1;0;0;3
1373;1;1;1;2;0;50;0.2;127;7;3800;1;0;0;3
862;1;0.8;1;3;0;23;0.4;165;2;278;0;0;1;0
1273;0;1;0;3;1;48;0.4;99;4;1767;1;1;0;1
957;1;2.5;0;4;0;7;0.8;107;5;1846;1;0;1;1
1617;1;1.3;1;3;1;30;0.7;105;2;829;1;0;0;0
893;0;2.5;1;0;0;55;0.6;183;2;2986;0;1;1;2
1210;0;0.5;0;0;0;63;0.1;93;5;2394;0;0;0;2
708;1;2.7;1;0;1;63;1;195;8;2169;1;1;1;1
835;0;1.1;1;2;0;7;0.2;101;4;1181;1;1;1;0
1450;1;2.7;1;9;0;19;0.6;131;1;575;0;0;0;0
973;1;1.5;0;5;1;57;0.2;190;7;2977;1;0;0;2
601;1;1.4;0;4;1;4;0.1;154;4;532;1;1;1;0
507;1;0.5;1;1;0;32;0.5;141;7;1702;1;1;1;1
564;0;1.8;1;0;1;51;0.5;168;3;1074;1;1;0;0
1559;1;1.6;1;6;1;6;0.5;162;6;3352;1;1;1;3
754;0;0.5;1;7;1;59;0.7;178;7;1027;1;0;0;1
728;0;2.7;1;0;0;25;0.2;88;4;2039;1;1;1;1
1431;1;0.5;0;0;1;56;0.6;191;1;461;1;0;0;0
767;0;1.5;0;4;0;28;0.7;175;4;527;0;1;0;0
1722;0;2.6;0;8;0;18;0.8;177;2;3271;1;0;1;3
1992;1;1.6;0;5;1;57;1;100;2;606;1;1;1;1
1876;0;0.5;0;10;1;40;0.3;86;6;2513;1;1;0;3
1054;0;1.1;1;10;1;38;0.4;136;6;1675;1;1;1;1
1283;1;1.6;1;4;0;47;0.9;93;5;2698;1;1;0;2
1281;1;2.3;1;0;0;28;0.3;148;1;1129;0;1;0;1
1066;0;0.6;0;2;1;7;0.9;114;7;468;1;1;0;0
730;0;2.1;1;0;1;4;0.1;89;8;1210;1;1;1;0
1053;1;0.8;1;7;1;45;0.3;103;1;3086;1;1;1;3
1611;1;0.5;1;11;0;3;0.6;98;3;1595;1;0;1;1
793;0;1;1;5;1;30;0.9;133;2;2332;1;1;1;2
1220;0;2.9;0;3;0;62;0.5;125;4;2589;1;1;1;2
1662;0;0.5;0;0;1;61;0.8;126;4;3760;1;1;1;3
1281;1;2.8;1;3;1;8;0.3;144;4;1851;1;1;0;1
538;0;0.8;0;12;1;2;0.8;177;7;417;1;0;1;0
823;1;0.5;0;0;0;39;0.4;187;8;294;0;0;1;0
1733;1;2.8;0;3;1;36;1;119;6;3576;1;0;0;3
1429;0;1.5;1;0;1;40;0.9;100;3;3945;1;0;1;3
1839;1;1.2;0;9;1;54;0.5;200;7;927;1;0;1;1
659;0;2.7;0;6;1;6;0.5;110;3;2044;1;0;1;1
1953;1;2.1;1;7;0;56;0.1;158;8;2334;1;0;0;2
1172;0;1.9;0;0;1;27;0.7;164;1;1477;1;0;0;1
612;1;1.9;1;6;0;16;0.3;102;7;3161;0;0;0;3
1563;0;2.4;0;0;1;24;0.2;170;8;3660;1;1;0;3
1191;0;1.3;1;16;1;26;0.8;84;1;1604;1;0;1;1
615;1;0.5;1;0;0;42;0.6;163;6;2211;0;0;1;1
1893;1;2.1;1;8;0;63;0.2;134;2;3822;0;1;1;3
1563;0;1.7;1;10;0;16;0.1;151;7;3922;0;0;1;3
1995;1;1.9;0;6;0;9;0.8;139;6;1203;1;1;1;2
1517;0;0.5;0;6;1;48;0.6;143;5;2822;1;1;1;3
832;0;1.6;1;1;1;34;0.3;108;5;447;1;1;0;0
1162;0;2;0;0;1;56;0.7;114;7;1652;1;0;0;1
1595;1;2.6;0;7;0;12;0.3;121;8;3608;0;1;0;3
1329;1;1;0;1;0;52;0.9;181;6;1228;1;0;1;1
928;1;0.5;1;11;0;56;0.7;80;8;666;0;1;0;0
1656;1;0.5;1;8;1;38;0.1;105;7;1499;1;0;1;1
1937;1;1.7;0;17;0;58;0.6;189;1;3321;1;1;0;3
977;1;1.1;1;2;0;57;0.6;181;6;1206;0;1;1;0
768;1;0.9;0;16;1;56;0.1;113;1;952;1;0;1;0
1464;1;0.5;1;11;0;12;0.9;117;2;3927;0;1;1;3
1177;0;0.9;0;1;1;29;0.4;191;2;311;1;0;0;0
1348;0;2;0;18;0;52;0.3;98;3;955;1;1;1;1
1956;0;2.2;0;0;1;37;0.5;87;3;1109;1;1;0;1
1751;0;0.5;1;6;0;8;0.6;178;6;2969;0;0;1;2
1530;0;2;0;11;0;42;0.8;177;6;725;0;0;1;0
1997;1;1.8;1;1;0;40;0.5;185;4;1655;1;0;0;2
1414;1;1.5;1;5;0;44;0.5;180;2;3490;0;1;0;3
1707;0;1.4;0;0;0;41;0.8;80;7;1774;0;0;0;2
894;0;0.5;1;1;1;50;0.5;199;3;3615;1;0;1;3
645;0;1.2;0;6;1;41;0.7;184;8;714;1;1;0;0
1163;0;2.8;1;0;0;49;0.6;155;2;2768;0;0;1;2
1126;0;0.7;0;3;0;49;0.9;165;8;3739;1;0;0;3
1648;0;0.7;0;6;1;64;0.8;170;4;610;1;1;0;1
1170;1;0.9;0;6;1;14;0.4;199;2;715;1;0;1;0
508;0;0.8;0;7;1;42;0.3;94;1;663;1;0;0;0
1097;0;2.1;1;6;0;64;0.2;161;3;1725;1;0;1;1
728;0;1.7;1;0;1;5;0.6;101;2;834;1;1;0;0
1980;0;0.5;1;2;1;29;0.8;177;1;3865;1;0;0;3
1504;0;2.3;1;1;0;64;0.9;182;1;3059;0;1;0;3
1379;1;2.1;1;14;1;63;1;83;1;651;1;1;0;0
1698;0;2.1;0;5;1;18;0.9;160;6;796;1;0;1;0
920;0;2.1;1;5;0;25;0.4;115;7;785;0;1;1;0
1144;1;1.5;1;0;0;21;0.4;189;1;3252;0;0;0;2
1995;1;0.5;0;6;0;26;0.2;129;1;1322;0;1;1;1
1430;0;0.5;1;1;0;27;0.5;183;1;2832;0;1;1;2
972;1;0.5;1;5;0;13;0.4;193;5;1615;0;1;0;1
662;0;0.5;0;5;0;20;0.8;138;1;2125;0;1;1;1
1867;0;2.3;0;0;1;9;0.1;191;6;990;1;0;1;1
1730;0;2;1;0;1;20;0.1;143;4;1595;1;1;0;1
1723;1;1;0;1;1;7;0.6;126;3;1213;1;1;1;1
1882;1;1.3;1;8;0;47;0.2;140;2;2500;0;0;1;2
803;0;0.8;1;0;0;18;0.3;106;4;2801;0;1;0;2
580;1;1.2;1;0;0;47;0.9;91;3;3451;1;1;0;3
668;0;2.3;0;2;1;48;0.3;114;1;1201;1;1;0;0
1391;0;1.4;0;2;1;36;0.8;182;1;3139;1;1;0;2
1560;0;2.3;0;0;1;22;0.8;169;7;1938;1;1;1;2
821;0;1.8;1;5;0;54;0.1;109;3;3185;1;0;0;2
811;1;2.4;1;5;1;2;0.3;106;6;2111;1;0;1;1
1989;1;2.9;1;8;0;17;0.1;193;8;2369;1;1;0;2
1034;1;2.7;1;6;0;37;0.7;120;7;3625;0;1;1;3
618;0;2.1;0;2;0;6;0.3;86;1;1051;0;0;1;0
654;1;1.3;0;0;1;52;0.7;196;4;1036;1;0;0;1
576;1;2.8;0;2;1;10;0.2;184;5;2938;1;1;1;2
667;1;0.6;0;6;1;3;0.7;185;6;2855;1;0;1;2
869;1;1;0;7;1;57;0.6;118;1;2727;1;0;0;2
635;1;0.5;1;2;0;42;0.4;149;3;2973;0;0;1;2
609;1;3;0;15;1;44;0.3;117;1;2581;1;0;1;1
1557;0;2.8;1;16;0;2;0.1;123;5;2690;0;0;1;3
1604;1;1.7;0;2;0;33;1;191;8;916;0;1;1;0
1182;0;0.5;0;7;1;8;0.5;138;8;2563;1;0;0;2
848;1;2.1;1;10;1;19;0.8;148;7;3359;1;0;0;2
1610;1;2.9;0;7;1;64;0.9;181;4;941;1;1;0;1
1828;1;2.1;1;0;0;17;0.9;199;1;2280;0;0;0;2
880;0;2;1;1;1;50;0.5;194;7;827;1;0;1;0
1394;1;0.9;1;10;1;62;0.3;175;5;473;1;1;0;0
1960;1;2.3;1;1;1;61;0.3;86;7;3865;1;0;0;3
809;0;0.8;0;10;0;21;0.9;91;7;1274;0;0;0;1
899;0;0.5;1;13;1;57;0.9;172;2;364;1;1;0;0
1976;1;0.7;1;4;0;32;0.8;171;2;3699;0;1;1;3
879;0;1.5;1;0;1;21;0.8;187;4;2927;1;0;1;2
916;1;2.6;0;0;0;36;0.3;195;4;1470;0;1;0;0
763;0;1.7;1;8;1;2;0.5;92;8;1050;1;1;0;0
508;0;1.6;1;0;0;9;0.4;162;6;2616;1;1;1;2
825;0;2.9;1;0;0;34;0.8;99;8;2915;1;1;0;3
1864;0;1.4;0;8;1;46;0.7;178;1;2686;1;1;1;2
1725;0;0.5;1;8;1;52;1;185;6;1243;1;1;1;1
1108;1;2.9;0;10;0;52;0.1;183;2;3264;0;1;1;3
1011;0;1.1;0;4;1;36;0.2;131;7;2261;1;1;1;1
1703;1;1.5;1;17;1;55;0.7;138;5;2993;1;1;1;3
1067;1;1.7;1;0;0;58;0.5;135;7;706;0;1;0;0
1334;1;2.4;0;5;1;42;0.6;115;5;2542;1;0;0;3
775;1;2.6;0;0;0;30;0.4;189;7;2523;1;0;1;2
1899;1;0.6;0;0;0;26;0.1;151;2;336;1;0;1;0
930;1;1.3;1;1;1;14;0.4;97;6;2457;1;1;0;1
1058;0;1.5;0;2;0;19;0.4;166;4;418;0;0;1;0
1187;1;2.2;0;0;1;46;0.4;145;2;3917;1;0;1;3
1874;1;2.7;1;10;0;8;0.9;166;7;1246;0;0;1;1
1482;0;0.5;0;2;0;48;0.2;142;7;2971;1;1;1;2
1809;1;1.7;0;3;1;59;0.1;174;3;2324;1;0;1;2
864;1;3;1;0;1;54;0.7;187;2;3121;1;1;1;2
625;1;1.9;0;12;1;33;0.2;191;1;3801;1;0;0;2
1880;1;1.8;0;4;1;18;0.7;138;3;3333;1;0;0;3
1138;0;1.4;0;12;1;44;0.2;187;8;3475;1;0;0;3
560;0;0.5;0;14;0;23;1;146;8;2360;0;1;1;1
1117;0;0.5;0;1;0;12;0.6;144;7;2895;1;1;0;2
1712;0;1.4;0;1;0;63;0.5;137;7;3652;1;0;0;3
1836;1;1.7;1;3;0;26;0.1;134;6;3097;0;1;0;3
1036;1;2.4;0;0;0;39;0.2;119;7;2101;0;1;0;1
1860;1;2.3;0;15;0;23;0.6;162;4;3918;0;1;0;3
1375;1;1.1;0;3;1;9;0.9;145;7;3869;1;1;1;3
1945;0;1.6;1;0;1;57;0.3;195;4;732;1;1;0;1
1896;0;0.5;1;8;1;7;0.4;141;2;3684;1;0;0;3
788;0;2.5;1;4;1;57;0.9;91;8;3969;1;1;1;3
880;1;1.7;1;0;0;33;0.7;173;2;1414;1;1;0;0
1323;1;2.5;1;10;1;28;0.2;131;4;1892;1;1;1;1
1868;0;2;1;0;1;42;0.2;169;1;3131;1;1;1;3
1266;0;1.9;1;0;1;7;0.2;184;3;2532;1;1;1;2
1042;0;2.7;1;16;1;50;0.8;93;7;3215;1;1;1;3
1479;0;0.5;0;8;0;19;0.6;156;3;3323;1;0;1;3
1476;1;1.2;1;0;1;55;0.1;171;4;1529;1;0;1;2
1552;1;2.2;0;6;1;13;0.2;123;6;2403;1;1;1;2
1454;1;0.5;1;1;0;34;0.7;83;4;3419;1;1;0;3
1007;0;2;0;0;0;45;0.1;95;5;3648;0;0;0;3
652;1;2.4;1;9;1;17;0.7;173;5;1974;1;0;0;0
1504;0;1.5;0;12;1;34;0.7;142;8;2806;1;0;1;2
1726;1;0.9;1;2;0;51;0.6;193;4;2239;1;0;1;2
1029;1;1.9;1;5;1;5;0.2;171;5;582;1;1;1;0
1582;0;2.8;0;2;1;44;0.5;112;6;3890;1;1;1;3
1478;1;0.8;1;12;0;48;0.7;99;5;1141;0;0;1;1
1178;1;1.3;0;0;0;49;0.6;101;5;2511;0;0;0;2
707;0;2.1;1;2;0;25;0.8;131;3;3838;1;0;1;3
755;1;2.8;0;5;1;51;0.3;186;4;2734;1;0;1;2
912;1;2;0;1;0;54;0.3;161;8;2330;0;1;0;1
651;1;0.8;1;2;1;63;0.2;176;5;2244;1;1;0;1
1483;0;2.1;0;1;1;54;0.2;176;7;1851;1;1;0;1
914;1;0.9;0;2;0;4;0.8;100;2;808;1;1;0;0
1456;1;0.5;1;7;0;7;0.4;105;5;1587;1;0;1;1
1178;0;2.2;1;6;0;57;0.3;84;3;2492;1;1;0;2
1503;1;0.7;0;10;1;43;0.2;166;4;2122;1;0;0;2
1681;1;2.5;0;2;0;11;0.4;158;2;1122;0;1;1;0
715;0;2.3;1;4;0;48;0.1;160;4;3709;0;0;0;2
1876;0;2.8;1;3;1;56;0.4;182;3;3021;1;0;0;2
1190;1;2.2;1;9;0;47;0.3;186;6;624;1;1;1;0
1755;1;1.3;0;0;1;24;0.1;134;7;3937;1;0;1;3
1197;0;1.3;0;3;1;20;0.5;149;6;1797;1;1;1;1
1048;1;0.9;0;10;1;28;0.8;194;2;1458;1;0;1;1
1887;1;3;1;6;1;17;0.2;126;8;3348;1;1;0;3
1772;1;0.5;1;3;0;64;0.7;116;8;1834;0;1;1;1
1421;0;2.8;0;0;1;57;0.4;165;1;2775;1;0;1;3
1464;0;0.5;1;0;1;17;0.7;153;6;1277;1;0;0;1
728;0;2.3;1;4;0;23;0.8;111;4;457;1;1;1;0
954;1;0.5;0;0;0;50;0.3;134;2;438;1;0;0;0
685;0;0.5;1;8;1;13;0.8;82;7;3210;1;1;1;3
1472;0;2.8;1;1;0;36;0.5;130;6;985;1;1;0;1
853;1;2;0;10;1;3;0.6;200;2;3701;1;1;0;3
1469;0;2.1;0;0;0;8;0.7;123;7;1052;0;1;0;0
1310;1;2.3;1;6;0;57;0.9;135;8;1175;0;0;0;0
1654;0;1.8;0;1;0;11;0.3;146;7;1070;1;1;1;1
902;1;0.7;0;3;0;3;0.3;134;7;3411;0;0;1;3
1448;0;1.4;1;13;0;26;1;156;3;1175;0;1;0;1
1631;0;0.9;1;2;1;3;0.1;198;7;301;1;0;0;0
1608;0;1.8;1;7;0;28;0.4;183;2;489;0;0;1;0
1991;1;2.7;0;5;1;64;0.9;145;2;1733;1;1;0;2
1349;0;2;1;15;0;62;0.3;114;5;2756;1;0;0;2
1589;0;2.5;0;5;1;51;0.8;195;1;2612;1;0;0;2
1844;1;2.3;1;1;0;51;0.7;158;8;1724;0;1;1;1
712;1;0.5;1;3;1;35;0.2;84;2;2190;1;1;1;1
972;1;1.7;0;0;1;54;0.7;107;3;1900;1;0;1;1
1406;0;0.5;1;2;1;34;0.8;98;3;3915;1;0;1;3
1289;0;0.9;0;10;1;25;1;178;6;1043;1;1;0;0
932;0;1.3;0;1;0;64;0.7;154;7;3817;1;1;1;3
1747;1;0.9;0;6;1;48;0.7;94;3;2362;1;1;0;2
1172;1;2.1;1;4;0;41;0.1;95;3;1107;0;0;0;1
1128;1;1.4;0;12;0;53;0.4;84;5;2982;1;1;0;3
664;0;1.2;1;0;0;28;0.9;106;5;2042;1;1;0;1
513;1;0.5;0;6;1;44;0.1;186;4;1343;1;1;0;0
1742;0;2.3;1;9;1;43;0.4;170;7;2610;1;0;1;2
1512;1;1.7;0;12;0;6;0.7;162;7;2335;1;1;1;2
1986;0;0.5;1;3;1;51;0.1;165;8;1614;1;1;1;1
965;1;1.5;1;5;0;13;1;109;2;1138;0;1;0;0
1067;1;2.4;1;3;1;40;0.6;122;8;604;1;0;0;0
1583;1;1.6;0;5;1;42;0.8;118;3;3652;1;0;0;3
1653;0;0.5;1;2;1;37;0.9;176;4;3955;1;1;1;3
1433;0;1.6;0;7;0;4;0.7;133;8;258;1;1;1;0
765;0;2.9;0;0;1;18;0.1;153;7;1066;1;1;0;0
1845;1;0.5;1;10;0;61;0.3;96;1;1731;0;0;0;1
752;0;0.5;1;1;0;48;0.7;87;7;3860;0;0;0;3
1948;0;2.8;1;8;0;16;0.1;100;5;3630;0;1;0;3
1077;0;2.5;1;0;1;45;1;174;3;1965;1;1;0;1
932;1;0.5;0;1;1;60;0.7;104;4;1459;1;1;0;0
1968;0;0.9;0;0;0;22;0.8;115;3;2323;0;0;1;2
1122;0;1.2;0;9;0;2;0.6;120;4;3291;1;1;1;2
1588;0;0.5;0;0;1;61;0.8;159;1;3272;1;1;0;3
601;0;2.1;0;4;0;26;0.3;101;4;918;0;0;0;0
1615;0;0.5;0;14;0;15;0.1;132;4;3488;0;0;1;3
1589;1;2.2;1;2;0;58;0.1;128;4;3961;1;0;1;3
1417;1;2.7;0;2;1;56;0.9;114;6;590;1;0;1;0
1697;1;0.7;0;1;1;34;0.1;95;1;3701;1;1;0;3
1330;1;1.3;1;14;0;3;0.3;83;5;463;0;0;1;0
1476;0;0.5;0;0;1;43;0.7;148;2;3644;1;0;1;3
1579;1;1.5;0;0;0;27;0.2;142;6;1713;1;1;1;1
1277;0;3;0;0;1;41;0.3;200;4;429;1;1;1;0
1089;1;0.9;1;12;1;2;0.7;145;5;2765;1;0;1;2
1663;1;2.5;1;13;1;27;0.3;169;4;2084;1;0;0;2
1949;0;1.8;0;0;0;20;0.8;186;5;1125;0;0;0;1
1138;0;1.1;0;5;1;48;0.6;109;3;2048;1;1;1;2
685;0;2.7;0;7;0;17;0.3;174;6;1223;1;0;1;0
1889;0;2.8;0;5;1;31;1;132;1;3672;1;1;1;3
857;1;2;1;3;0;17;0.2;195;7;3100;1;1;0;2
1902;0;2.8;1;6;0;50;0.8;124;8;343;0;1;0;0
1225;1;2.4;0;0;0;15;0.1;155;5;1970;1;1;0;1
1066;0;1.6;0;5;0;39;0.6;131;5;2728;1;1;1;2
1554;1;0.5;1;11;0;5;1;124;3;3635;0;0;0;3
1337;0;0.5;0;13;0;31;0.8;186;2;2180;1;0;1;1
1926;1;1.7;1;1;1;33;0.4;172;3;2488;1;0;0;2
869;0;1.3;1;3;0;34;0.1;104;2;3864;1;0;0;3
1278;1;0.5;1;1;0;54;0.1;104;8;1155;0;0;1;0
1773;1;2.5;0;16;1;32;0.6;170;6;3566;1;0;1;3
1661;1;0.8;1;1;1;6;1;109;7;864;1;0;1;1
1438;0;2.2;0;0;1;32;0.6;176;7;869;1;1;1;0
1661;1;1.4;0;0;0;29;0.3;119;2;591;1;1;1;0
1846;1;0.6;0;1;0;19;0.7;159;1;1333;0;1;1;1
1260;1;2;1;2;1;23;0.2;123;7;2208;1;0;1;2
512;1;0.5;1;7;0;15;0.9;83;3;2610;0;1;1;2
581;0;2.2;0;0;0;59;0.7;185;5;2819;0;0;1;2
1872;1;2.3;0;6;0;44;0.7;134;3;1955;1;0;1;2
687;1;1.3;0;9;1;50;0.6;151;4;3416;1;1;0;3
1062;1;2.5;1;6;0;10;0.9;160;1;3803;0;0;1;3
1678;1;2.3;1;11;0;7;0.5;192;1;574;1;0;0;0
1417;1;0.5;0;10;1;45;0.9;166;4;2129;1;0;1;1
1074;0;2.4;1;2;1;9;0.9;103;6;1948;1;1;1;1
1832;0;0.7;0;2;0;2;0.6;90;7;2978;0;0;0;2
1039;0;1.3;0;0;1;12;0.8;200;8;1619;1;1;1;1
1059;0;2.4;0;8;0;61;0.1;134;3;3716;1;1;0;3
1606;0;1.4;0;3;0;57;0.1;154;4;3454;0;0;1;3
1928;1;1.8;0;9;1;19;1;187;3;3777;1;1;1;3
1875;1;0.5;1;11;1;55;0.7;91;1;2712;1;0;1;3
1128;1;1.1;0;9;1;46;0.9;135;8;1434;1;0;0;1
1748;0;1.7;1;6;1;14;0.5;146;3;3968;1;0;1;3
1413;0;0.5;1;5;0;51;0.3;117;5;3383;0;0;0;3
825;0;0.5;1;0;1;23;0.1;86;2;3278;1;0;1;3
1589;1;1.4;0;3;1;26;0.1;100;8;3970;1;0;1;3
535;1;0.5;1;8;1;54;0.5;145;8;2674;1;0;0;2
1780;1;0.5;0;6;0;27;0.1;190;4;2776;1;1;1;3
1671;0;0.6;1;7;1;61;0.1;129;2;2336;1;0;0;2
1821;0;0.9;0;9;1;12;0.3;114;1;2430;1;1;1;2
1076;1;2.6;0;3;1;38;0.7;119;6;891;1;1;0;0
532;1;0.8;1;3;0;8;0.1;193;5;728;1;1;0;0
777;1;2.6;0;3;0;30;0.9;148;5;3886;1;0;0;3
1217;1;0.5;0;3;0;17;0.5;182;4;1711;1;0;1;1
1656;1;1.6;1;0;0;16;1;117;7;2856;1;1;1;2
1185;0;1.9;0;0;0;31;0.4;152;8;2447;1;1;1;2
577;0;2.4;0;8;1;37;0.9;161;6;814;1;1;1;0
737;1;2.4;1;7;0;49;0.6;193;4;2951;0;1;0;2
704;0;2.2;1;4;0;53;0.2;186;6;3653;1;1;1;2
525;1;0.5;1;5;0;51;0.5;137;8;1891;0;1;0;1
504;1;0.5;1;5;0;16;0.1;166;1;701;1;0;1;0
793;0;1.2;1;1;1;38;0.6;176;4;3139;1;1;1;3
569;0;0.6;1;2;0;39;0.1;184;8;2811;1;0;1;1
1590;0;1.9;1;3;1;21;1;160;5;1701;1;0;1;1
707;0;0.5;0;0;1;16;0.1;194;2;1853;1;1;1;1
767;0;1.9;0;16;1;19;0.2;185;6;2445;1;1;1;1
1350;1;0.5;1;0;1;50;0.8;181;8;2287;1;1;0;1
1117;1;0.6;1;0;0;31;0.2;146;2;2003;0;1;1;2
641;1;1.1;0;0;1;7;0.9;192;1;3595;1;1;1;2
1002;0;0.8;1;0;1;35;0.5;83;2;1726;1;0;1;1
1408;1;2.1;1;10;0;45;0.9;89;5;3952;0;0;1;3
1900;1;2;1;1;0;41;0.5;190;8;850;1;1;1;1
726;0;2.9;0;0;0;43;0.1;101;8;1446;1;1;0;0
1544;0;2.3;0;12;1;45;0.1;113;8;1300;1;1;0;1
1454;1;1.6;0;6;1;21;0.2;160;4;719;1;1;1;0
1230;1;2.2;1;6;0;26;0.8;123;5;988;0;1;1;0
1552;0;1.2;0;10;1;53;0.3;180;8;2606;1;0;0;2
1519;0;2.1;0;0;0;32;0.7;200;1;2912;1;1;0;2
723;1;1.9;0;4;0;30;0.3;102;1;2339;0;1;1;2
1191;0;2.4;1;2;0;13;0.9;169;1;1028;1;1;1;0
1168;0;1.3;0;9;0;61;0.1;90;8;3173;0;0;1;3
1229;0;0.5;1;15;0;14;0.8;191;2;1667;0;0;1;1
1758;1;0.5;0;11;1;13;0.6;190;8;1897;1;0;0;2
1290;0;0.5;0;0;0;3;0.1;143;6;1214;0;1;1;1
574;0;2.8;1;16;0;38;0.1;90;6;3269;0;1;0;2
1271;1;0.5;0;12;0;32;0.1;113;7;445;0;0;1;0
1170;1;1.2;0;4;0;30;0.4;83;8;1073;1;1;0;0
1269;1;1.3;0;14;0;52;0.8;118;2;665;0;0;0;1
1288;0;2.8;1;15;0;50;0.1;121;2;3129;0;0;0;3
1366;1;0.7;1;0;1;34;0.1;150;2;3501;1;0;0;3
1572;1;0.8;1;7;1;8;0.8;169;5;3461;1;1;1;3
1627;0;0.9;1;9;1;32;0.1;180;6;3206;1;1;0;3
1701;1;0.5;0;13;1;46;0.9;115;2;3717;1;1;0;3
1900;1;0.5;1;0;1;55;0.9;171;1;3917;1;0;1;3
1974;0;1;0;4;0;24;0.3;80;7;861;1;0;1;0
1197;1;0.5;1;9;0;20;0.1;129;5;2885;1;1;1;2
587;1;2.3;1;4;0;6;0.7;170;1;2777;1;1;0;2
934;0;1.1;0;7;0;24;0.8;112;5;1017;0;0;1;0
1195;0;2;1;1;1;23;0.1;82;4;980;1;0;0;0
1853;1;1;0;2;0;23;0.4;92;1;2775;1;0;0;3
1164;0;1;0;4;1;19;0.9;95;8;3309;1;0;1;3
1512;1;0.5;0;8;1;18;0.1;88;3;3607;1;1;1;3
1232;0;2.9;1;1;1;24;0.3;169;5;1257;1;0;0;0
1813;1;0.6;1;0;1;5;0.2;198;3;759;1;1;0;0
946;1;2.6;1;17;0;5;0.1;166;3;3720;0;1;0;3
739;1;2.3;1;2;1;58;0.1;88;3;475;1;0;1;0
704;1;2.7;0;8;1;29;0.2;80;1;1122;1;1;1;0
1663;1;0.5;0;0;0;40;0.6;147;4;1336;1;0;0;1
1966;1;1.4;1;2;0;40;0.9;185;8;1185;0;1;0;2
1219;0;1;1;0;0;17;0.7;196;5;705;0;1;1;0
612;1;0.7;0;6;0;35;0.6;181;5;3169;0;0;0;2
1658;1;1.4;0;0;1;39;0.7;182;1;3483;1;0;1;3
1263;0;0.5;0;12;0;64;0.3;175;5;1183;0;0;1;1
1395;1;2.8;0;0;1;55;0.6;118;3;3373;1;1;0;3
621;1;2.7;1;0;0;54;0.1;151;4;2801;1;1;1;2
652;0;0.5;1;1;0;58;0.6;142;3;565;0;0;1;0
1175;0;0.6;0;10;0;25;0.1;145;2;3153;1;0;0;2
561;1;1;0;0;0;11;0.1;163;8;3421;1;1;1;2
1137;0;2.2;0;6;1;3;0.9;173;5;316;1;0;0;0
1835;1;2.3;0;4;1;11;0.1;193;7;448;1;0;0;0
1170;0;2.9;1;2;0;40;0.4;169;6;2366;1;1;1;1
1595;1;0.8;1;0;1;44;0.7;85;4;3881;1;0;1;3
1719;1;2;0;0;0;12;0.3;122;8;462;0;0;0;0
1770;0;2.3;1;0;0;7;0.8;128;7;1480;1;0;0;1
1312;0;0.5;1;0;1;28;0.8;163;2;1087;1;0;0;1
1878;0;1.5;1;5;1;56;0.3;139;5;2711;1;1;1;2
1871;1;2;0;7;1;20;0.1;81;7;2144;1;1;1;2
922;0;1.5;1;1;1;35;0.9;188;7;1165;1;1;1;0
1975;1;1.5;0;6;1;16;0.9;128;8;2998;1;1;0;2
1212;0;2.6;0;1;1;46;0.3;102;4;2249;1;1;1;2
1430;1;0.9;0;3;0;56;0.1;179;3;752;0;0;1;0
1958;1;1.9;1;0;0;4;0.2;190;2;1409;0;0;0;1
1836;1;2.1;1;0;1;30;0.2;184;7;3072;1;1;0;3
557;1;1.6;0;0;0;24;0.5;125;3;1305;1;0;1;0
539;1;0.6;1;9;0;21;0.1;145;7;3597;0;0;0;2
880;0;0.5;1;1;0;44;0.5;172;8;3132;0;1;1;2
1369;1;1.8;1;6;0;34;0.5;162;1;3856;0;1;1;3
1109;1;2.7;1;1;0;39;0.4;98;1;1524;1;1;1;1
843;0;1.8;1;0;0;16;0.1;166;5;3673;1;0;1;3
598;0;2.3;1;7;0;21;0.7;196;2;3293;1;0;1;2
972;1;2.7;1;1;0;5;1;126;4;3035;1;0;1;2
1944;1;0.5;0;5;1;36;0.1;197;6;584;1;1;0;1
1225;0;0.7;1;0;1;2;0.6;138;7;2675;1;1;0;2
644;1;1.3;1;7;1;30;0.5;114;1;2382;1;0;1;2
1919;0;1.5;0;5;1;48;0.8;150;4;1391;1;0;1;1
501;0;2.3;0;12;1;54;0.3;131;4;2346;1;0;1;1
1620;1;2.2;1;0;1;30;0.2;185;3;606;1;0;0;0
1227;1;1.1;1;0;0;34;0.2;130;3;1324;0;1;1;1
1359;1;0.5;1;1;1;58;0.5;107;6;1076;1;1;1;0
1914;0;0.7;0;1;0;35;0.6;118;8;643;1;0;1;1
1645;1;1.8;0;1;0;21;0.7;123;7;783;1;0;0;0
1063;1;1.1;0;0;1;26;0.8;101;5;3809;1;0;1;3
946;0;2.1;0;0;1;19;0.2;154;8;2104;1;1;0;1
1231;0;1.2;1;5;0;54;0.8;185;3;1762;1;1;0;1
1397;0;2.9;1;13;0;9;0.5;87;6;3137;1;1;1;3
701;1;0.7;0;7;0;15;0.5;160;3;1756;1;1;1;1
570;1;0.5;1;2;0;9;0.3;111;7;3663;0;0;0;3
1993;1;0.5;0;10;1;27;0.3;147;8;2437;1;0;0;2
955;0;0.5;1;4;0;43;0.9;143;5;1432;1;1;1;1
924;0;0.5;1;0;1;47;0.3;167;8;1620;1;0;0;1
600;0;0.5;0;0;0;14;0.8;112;5;1655;0;0;0;0
518;0;0.8;1;0;0;3;0.1;178;7;2832;1;0;1;2
1063;1;2.5;0;0;1;31;0.9;95;6;961;1;1;0;0
920;1;0.5;0;2;0;46;0.8;149;3;2608;0;0;1;2
1715;0;1.9;0;4;1;3;0.1;171;5;514;1;0;0;0
1841;1;1.3;1;6;0;14;0.6;167;8;2304;0;0;1;2
543;1;0.5;1;4;1;60;0.7;132;5;933;1;1;0;0
1762;1;2.7;1;13;1;25;0.9;189;1;1896;1;1;1;1
1112;1;0.5;1;1;0;53;0.6;121;4;3655;1;1;0;3
709;1;2;1;0;0;35;0.1;136;1;1973;0;1;1;1
1315;1;2.6;0;7;0;64;0.8;128;7;3278;0;0;0;2
1762;1;2.5;0;10;1;15;0.3;107;8;2183;1;1;0;2
1462;1;1.7;1;1;0;25;0.2;182;7;824;1;0;1;0
571;0;1.6;1;8;0;35;0.2;186;7;2598;1;1;0;1
666;1;0.5;1;7;1;54;0.4;81;3;1254;1;1;1;0
1994;0;1.5;1;2;1;7;0.5;146;8;3622;1;0;1;3
1583;1;2.1;1;11;0;14;0.7;148;7;1704;1;0;1;2
1778;0;1.4;1;3;1;45;1;132;4;1624;1;1;0;1
1926;1;1.1;0;13;1;50;0.2;179;6;3809;1;1;0;3
966;1;0.6;0;9;1;50;0.2;117;4;2574;1;0;1;2
568;0;2;0;1;0;36;0.3;179;3;950;1;0;0;0
1897;0;3;0;1;1;21;0.5;192;8;273;1;1;1;0
1695;0;0.5;1;6;1;46;0.7;200;3;446;1;1;1;1
1623;1;1.2;0;6;1;61;0.9;120;7;1510;1;1;0;2
914;1;0.5;0;0;1;26;0.7;147;4;1122;1;1;1;0
1721;1;0.5;1;4;1;33;0.5;128;4;707;1;1;1;0
890;1;2.2;1;4;0;44;0.5;198;8;751;0;0;0;0
600;0;0.5;0;1;0;48;0.8;191;3;3393;1;0;0;2
1677;0;1.8;1;4;0;11;0.7;124;6;3771;1;0;0;3
723;0;0.5;0;0;1;3;0.2;168;4;1851;1;0;0;1
638;0;1.7;1;11;0;27;0.5;102;4;2735;1;1;0;2
852;0;1;1;4;1;62;0.7;104;7;2253;1;1;0;1
1979;1;1.6;1;0;0;32;0.2;165;7;452;0;1;0;0
710;1;0.5;0;6;0;32;0.8;151;5;1419;0;1;0;0
1034;0;2.6;1;2;1;45;0.3;190;3;969;1;0;0;0
600;0;2.5;1;8;1;22;0.1;145;1;3441;1;0;0;2
1027;0;0.5;0;2;1;64;0.9;103;2;3786;1;0;0;3
1260;0;0.6;0;5;1;13;1;106;6;2710;1;1;0;2
1793;0;1.8;1;10;0;12;0.5;169;6;3533;1;1;1;3
675;0;2.3;0;10;0;60;0.9;144;5;1735;1;0;1;0
658;1;2.7;0;0;1;12;0.9;103;7;3587;1;0;0;3
1694;1;0.6;0;0;1;34;0.3;102;7;2298;1;1;0;2
804;1;0.8;1;12;1;41;0.9;89;1;2027;1;0;0;1
1713;0;2.5;1;1;0;27;0.9;127;7;2406;1;0;1;2
706;0;0.5;0;13;1;31;0.1;108;3;2419;1;0;1;1
1362;0;0.5;0;3;0;25;0.8;131;7;995;0;1;1;0
1527;0;2.7;0;10;1;60;0.1;154;5;2078;1;1;1;2
768;0;0.5;1;0;0;19;0.9;159;2;1145;0;0;1;0
1314;0;2.9;1;8;1;41;0.1;155;4;626;1;1;1;0
705;1;0.5;0;5;1;57;0.9;155;6;1509;1;1;1;1
1403;0;2.7;0;2;1;26;0.1;164;5;3371;1;0;1;3
1486;0;2.6;0;7;0;52;0.1;85;4;297;0;1;0;0
781;0;1.1;0;2;0;38;0.4;198;5;3508;0;0;1;3
986;1;1.5;0;1;1;23;0.8;183;8;2385;1;0;0;1
1310;0;1.4;0;0;0;33;0.4;105;1;1301;0;0;1;1
560;1;2;1;6;1;57;0.3;81;3;2167;1;0;1;1
1348;0;1.3;0;0;0;43;0.4;116;5;3914;1;0;1;3
1567;0;0.5;1;3;0;22;0.5;119;6;2312;1;0;0;2
1940;1;0.9;1;4;0;17;0.7;93;5;2297;0;1;0;2
1979;1;2.9;1;0;1;19;1;176;3;411;1;1;1;0
561;1;2.1;1;7;1;2;0.1;193;3;665;1;1;0;0
1717;1;1.3;0;1;0;62;0.7;130;1;3226;0;1;0;3
535;0;1.5;0;1;1;48;0.7;113;1;740;1;1;0;0
1413;0;0.5;1;4;1;39;0.1;185;5;3878;1;0;0;3
1358;0;2.5;1;0;0;20;0.6;135;7;3406;0;0;1;3
1519;0;2.9;0;2;0;30;0.7;112;7;2440;1;1;1;2
1254;0;1.2;1;2;0;50;0.7;108;5;3959;1;1;0;3
1591;1;2.2;0;3;1;49;0.4;154;6;3703;1;1;0;3
977;1;2.8;1;2;0;35;0.6;165;2;3714;0;1;1;3
1640;1;0.7;0;10;1;21;0.8;169;7;337;1;1;0;0
663;0;0.8;1;0;0;25;0.6;183;2;3176;1;0;1;2
1744;1;1;0;1;1;20;0.5;112;8;1205;1;0;0;1
1624;0;1.6;1;8;0;28;0.4;150;2;2473;1;0;0;2
1108;1;1.3;1;14;1;2;0.3;169;7;1229;1;1;0;0
1188;1;1.4;1;0;1;9;0.6;114;2;2896;1;0;1;3
817;0;1.3;0;0;0;11;0.5;144;3;2039;0;1;0;1
863;0;1.6;1;5;1;6;0.7;133;4;520;1;0;1;0
1397;0;2.4;1;5;1;3;0.2;121;3;1378;1;1;1;1
1108;0;1;0;3;0;49;0.7;140;5;3254;1;0;0;3
1068;0;2;1;1;1;37;0.9;184;7;1803;1;0;0;1
1702;1;2.3;0;12;1;52;0.5;145;2;2501;1;0;0;3
808;0;0.5;1;0;0;8;0.1;192;4;3762;1;0;1;3
1156;0;0.5;0;6;0;61;0.1;89;7;1796;0;1;1;1
1271;0;0.5;1;2;0;54;0.1;159;8;990;0;1;1;0
696;0;0.5;0;6;0;51;0.3;197;3;2630;0;0;1;1
1981;1;1.9;1;13;0;45;0.3;175;6;1380;0;1;0;1
614;0;1.7;1;0;1;58;0.2;128;7;3487;1;1;1;2
1590;0;0.6;1;0;0;7;0.3;122;3;1201;1;1;1;1
1945;0;1.6;0;4;0;21;0.7;113;3;3015;0;0;0;3
1135;1;2.8;1;9;0;43;0.4;158;1;3204;1;0;0;3
1049;0;0.6;1;8;1;2;0.3;172;6;433;1;0;0;0
1807;1;2.1;0;2;0;49;0.8;125;1;1906;0;1;1;2
984;1;0.5;0;13;1;42;0.8;98;7;898;1;1;0;0
720;1;1.4;1;0;1;61;0.6;96;7;2799;1;0;1;3
1536;0;0.8;0;12;0;13;0.3;105;7;2020;1;1;0;2
771;1;0.5;0;3;0;25;1;86;4;770;0;1;0;0
503;0;2.5;0;3;0;57;0.6;185;6;305;0;0;1;0
675;0;2.4;0;1;0;42;0.6;187;7;2953;1;1;0;2
1936;1;1.9;1;13;1;34;0.2;182;7;1671;1;0;1;1
1303;0;1;1;0;1;15;0.1;138;3;2574;1;1;1;2
1004;1;2.9;1;0;0;35;0.2;141;6;3772;0;1;1;3
1972;0;1.2;1;0;0;37;0.7;102;2;2870;0;0;0;3
1822;0;1.2;0;0;0;8;0.2;195;6;2577;1;1;0;2
1159;1;2.8;0;5;1;18;0.5;83;1;2246;1;1;0;1
1782;1;2.8;1;6;1;58;0.8;157;1;2405;1;0;1;2
894;0;2.1;1;16;0;16;0.7;168;8;3377;1;1;1;2
1884;0;2.1;1;7;1;43;0.8;185;1;3619;1;1;1;3
1648;1;0.5;0;1;1;17;0.9;142;2;1184;1;0;1;1
798;0;2.4;0;5;0;4;0.2;96;3;2965;1;1;0;2
802;1;2.4;1;1;0;45;0.8;157;3;3713;0;0;0;3
1276;1;2.9;1;2;0;53;0.3;130;2;3798;1;1;1;3
1331;1;1.6;0;0;0;16;0.5;165;2;1026;1;0;1;1
1620;0;2.6;1;6;0;5;0.9;186;6;1086;1;0;0;1
1996;0;2.5;0;5;1;51;0.4;122;4;2236;1;0;1;2
1092;0;2.7;1;8;0;45;0.8;185;1;1303;0;1;1;1
1018;1;0.7;1;7;0;63;0.1;155;5;3048;0;0;1;2
545;0;0.5;0;0;1;11;0.3;131;3;616;1;1;1;0
554;1;1.3;0;0;0;12;0.1;105;6;3764;0;1;1;2
1264;0;2.9;1;2;1;34;0.2;171;3;419;1;1;1;0
1030;0;1.6;1;3;1;58;0.2;138;6;2858;1;1;1;3
1432;1;1.7;1;6;1;39;0.3;164;4;504;1;1;0;0
558;1;2.8;0;1;1;49;0.8;142;5;392;1;1;1;0
829;0;0.5;0;0;0;56;0.6;129;7;820;1;0;1;0
1741;1;1.8;0;0;0;14;0.7;143;8;3387;1;0;0;3
1849;1;2.3;0;7;1;15;0.4;144;5;3447;1;0;1;3
733;0;2.1;0;5;1;7;0.2;174;7;1403;1;1;0;0
1872;1;0.9;1;0;0;16;0.5;80;2;2295;0;0;1;2
1853;0;0.5;1;1;0;27;0.3;197;6;1973;1;0;1;2
1149;1;2.2;0;4;0;30;0.2;106;6;3755;1;0;0;3
891;0;0.5;1;9;1;25;0.3;196;2;2073;1;0;1;1
1911;1;2;0;7;1;64;0.6;163;8;3872;1;1;0;3
550;1;0.5;0;16;1;23;0.1;145;2;302;1;0;0;0
576;0;0.8;0;0;1;27;0.1;121;2;1519;1;0;1;1
1760;0;1.9;0;1;1;50;0.8;198;1;2549;1;1;0;2
969;0;2.4;0;0;0;45;0.3;124;7;404;1;0;1;0
1160;0;1.1;0;1;1;63;0.7;166;3;595;1;0;1;0
827;0;1.1;1;2;1;18;0.9;160;2;1663;1;1;1;0
1786;0;0.5;0;9;1;58;0.7;161;7;2764;1;1;1;3
774;1;0.6;1;2;1;8;0.4;136;1;2614;1;1;1;2
819;1;2.5;1;0;1;11;0.2;83;8;1094;1;0;0;0
1042;0;2.2;0;15;1;11;0.6;139;5;2826;1;0;0;2
1368;0;3;1;10;0;50;0.2;97;7;2496;0;1;1;2
1592;0;2.1;0;6;1;50;0.1;181;2;2103;1;0;0;1
1067;0;1.8;1;11;0;14;0.2;146;1;966;0;0;1;0
1892;1;0.7;0;5;0;47;0.4;110;4;2172;1;1;1;2
915;0;1.1;0;6;0;56;0.6;187;8;905;0;1;0;0
774;1;2.8;0;7;1;55;0.9;124;3;3916;1;1;0;3
1848;1;1.4;1;2;1;42;0.7;179;2;3902;1;0;1;3
1501;0;1.1;0;12;1;2;0.2;187;1;2487;1;1;1;2
1614;0;1.9;0;8;1;55;0.3;188;3;3914;1;0;0;3
911;1;2.9;0;0;0;46;0.1;181;5;363;0;1;0;0
1520;0;0.5;0;1;1;24;0.7;199;5;3233;1;0;1;3
1647;0;1.4;1;3;1;38;0.3;102;6;2532;1;0;1;2
1347;0;0.9;1;8;1;53;0.8;108;6;3836;1;0;1;3
967;1;1.6;0;4;0;25;0.6;92;8;3076;0;1;1;2
1442;0;2.2;0;0;1;56;0.7;145;5;1513;1;1;0;2
1204;1;2.6;0;0;0;10;0.3;199;7;1724;1;0;0;1
1320;0;2.1;1;0;1;41;0.6;144;7;542;1;1;0;0
1800;1;0.7;0;2;1;8;0.4;100;7;3481;1;0;1;3
1567;0;2.1;1;3;0;22;0.8;153;3;3991;1;0;0;3
1439;0;0.9;0;12;1;20;0.8;147;1;1790;1;0;1;1
1422;0;1;0;15;0;3;0.1;112;1;509;1;1;1;0
1591;1;2.2;1;4;1;52;1;161;3;282;1;1;1;0
880;0;1.7;0;2;0;6;0.6;198;4;3006;1;0;0;2
1929;1;0.5;1;0;1;19;1;163;6;1913;1;1;0;1
1642;1;1.6;1;0;0;5;0.4;102;5;1333;0;0;1;2
1511;0;2.5;1;3;0;21;0.2;114;3;3746;1;0;0;3
1312;0;1.3;0;5;1;10;0.6;163;2;3941;1;1;1;3
1852;0;1.4;0;4;1;10;0.7;196;1;3970;1;0;1;3
972;1;1.3;0;8;0;44;0.7;82;7;3925;0;1;0;3
691;1;2.7;1;4;1;33;0.9;108;4;424;1;1;1;0
807;0;0.5;0;9;0;8;0.3;158;5;1284;0;1;1;0
1113;0;0.6;1;0;0;25;0.3;145;1;277;1;0;1;0
721;1;1.3;1;10;0;16;0.9;125;1;1713;0;1;1;1
1188;1;1.5;1;0;0;54;0.3;198;6;485;0;1;0;0
1512;1;0.5;0;1;0;52;0.1;131;1;3002;0;0;1;2
805;1;0.7;0;0;0;64;0.1;97;4;418;0;1;1;0
918;0;0.9;1;1;0;8;0.1;123;7;1652;1;1;0;1
1320;0;0.5;1;7;0;48;0.2;168;5;2893;0;0;1;2
1236;0;0.9;1;2;1;57;0.1;188;1;1406;1;0;1;0
1387;0;0.5;0;0;1;61;0.5;98;3;629;1;1;0;0
1883;1;2.7;1;6;1;30;0.5;95;2;3724;1;1;1;3
839;0;2;1;0;0;14;0.4;175;7;3835;1;0;0;3
1593;1;1;0;0;1;52;0.7;130;8;1354;1;1;1;1
1722;1;1;0;7;0;25;0.8;88;6;2376;0;0;1;3
1954;0;0.6;1;8;0;7;0.9;126;3;3438;1;0;0;3
1788;1;0.5;1;15;1;2;0.3;150;6;2655;1;0;1;2
1628;0;0.5;0;5;1;33;0.9;101;6;3361;1;0;0;3
1965;0;0.5;0;6;1;4;1;84;7;3535;1;1;1;3
833;1;2.2;0;4;0;27;0.9;124;1;2150;0;1;1;1
571;0;0.6;0;1;1;43;0.5;141;3;2587;1;0;0;1
1808;1;0.5;1;1;0;31;0.5;92;2;2736;0;0;1;3
1860;0;0.5;1;2;1;55;0.7;83;6;676;1;0;1;0
1368;1;1.6;1;4;0;9;0.1;115;7;2941;0;1;0;3
1161;0;1.3;1;0;1;21;0.6;126;8;3336;1;0;1;3
1224;1;1.6;0;9;0;33;1;157;1;3796;1;1;0;3
902;1;0.6;1;0;0;63;0.7;122;5;3654;0;1;1;3
787;1;0.5;0;15;0;11;0.6;93;1;2934;1;0;1;2
854;0;0.5;0;2;0;30;0.5;125;8;2889;0;0;1;2
1184;0;1.5;1;1;1;48;0.6;191;1;3315;1;1;1;3
1973;0;1.6;1;5;1;39;0.8;152;4;1993;1;0;0;2
510;0;1.7;1;3;0;35;0.8;120;3;2509;0;1;1;1
966;0;2;0;8;1;34;0.5;118;2;3534;1;1;1;3
1438;1;1.8;0;3;0;16;0.6;169;8;2246;0;0;0;2
1986;0;0.5;0;7;0;51;0.4;95;3;3165;1;0;0;3
1907;0;2;0;13;0;55;0.9;105;7;286;1;0;1;0
1489;0;2.4;1;8;0;32;0.6;200;1;776;0;0;0;0
1843;1;1.8;1;13;1;16;0.7;134;6;3213;1;1;0;3
825;1;1.5;0;11;0;38;0.4;94;3;716;0;1;0;0
1286;1;2.3;0;10;1;16;0.1;98;2;424;1;1;0;0
840;0;0.6;0;0;1;63;0.8;137;7;3486;1;1;0;3
757;0;2.3;1;5;1;58;0.2;163;4;3237;1;0;1;2
814;1;1.1;1;2;0;41;0.8;177;2;1944;1;0;0;1
1195;1;1.1;1;2;1;8;0.9;80;6;643;1;0;0;0
767;0;0.8;0;7;1;10;0.5;107;4;2317;1;1;1;2
1068;0;1.3;0;6;1;52;0.1;97;8;1436;1;0;0;1
994;1;2.8;1;0;0;56;0.5;173;3;3190;1;1;1;2
1550;1;2.5;0;6;0;21;0.8;133;2;2338;0;1;0;2
1878;1;0.5;0;9;0;29;0.6;85;8;1334;0;0;0;1
623;0;2;0;2;0;6;0.1;127;3;3657;1;1;0;2
1829;1;0.5;0;0;1;15;0.4;160;5;2080;1;0;1;2
525;0;2.4;1;11;0;35;0.8;190;7;1609;0;0;0;0
1065;1;0.5;0;0;1;14;0.7;89;2;3078;1;0;1;2
1425;0;1.2;0;9;1;35;0.7;127;8;590;1;1;1;0
1296;0;1.4;1;3;0;11;0.2;129;7;2552;1;1;1;2
642;0;2.8;0;3;0;34;0.8;197;2;3355;0;0;0;2
1664;1;2.9;1;9;1;15;0.5;177;7;1968;1;0;0;2
1498;1;0.7;0;3;1;8;0.1;170;7;3358;1;0;0;3
981;1;1.9;1;0;0;2;0.1;136;3;1539;0;0;0;0
1236;1;2.8;0;6;1;32;0.3;143;4;942;1;1;1;0
1673;0;2.8;1;7;0;9;0.1;187;3;3669;1;0;1;3
712;1;1.6;0;6;1;9;0.8;172;2;3612;1;0;0;3
569;1;0.5;1;10;1;4;0.8;170;3;2351;1;1;0;1
603;1;0.7;1;0;1;64;0.2;156;6;604;1;1;1;0
1332;0;0.8;1;2;0;11;0.5;187;2;1285;1;1;0;1
1413;0;0.6;0;0;1;13;0.1;128;1;515;1;1;0;0
1064;0;2.9;1;1;1;34;0.2;184;6;654;1;0;0;0
1444;0;0.6;0;2;0;48;0.5;82;5;2540;1;1;1;3
1366;1;1.7;1;5;1;53;0.2;161;5;3869;1;0;1;3
906;0;2.1;1;7;0;18;0.1;136;2;3412;1;0;0;3
1554;0;2.7;1;3;1;47;0.7;185;5;509;1;0;0;0
1187;0;2.3;0;0;1;21;0.2;122;6;2547;1;1;0;2
1156;1;2.7;1;1;1;30;0.9;173;3;2735;1;0;1;2
1918;0;2.8;0;1;0;22;0.3;139;1;1369;0;1;1;1
841;1;0.5;1;8;0;39;0.1;199;6;2942;0;1;1;2
730;1;1.3;1;6;0;6;0.9;167;7;2812;0;0;0;2
878;1;1.3;0;13;1;31;0.5;153;4;3497;1;1;0;2
1059;0;0.5;1;0;0;50;0.7;182;8;619;0;1;1;0
1578;0;2.9;0;8;0;3;0.9;200;1;3483;1;0;0;3
1829;0;1.7;0;0;0;36;0.8;112;5;1475;0;0;0;1
1132;0;1;0;0;0;8;0.1;157;1;1950;0;1;1;1
1652;0;0.6;1;4;1;40;1;198;7;3592;1;0;0;3
912;0;0.5;1;0;0;58;0.3;107;5;3573;1;1;0;3
1181;0;2.3;0;12;1;61;0.6;116;2;2020;1;1;0;1
1497;1;0.7;0;5;0;32;0.7;92;3;1329;1;1;0;2
1790;1;2.3;1;3;1;49;0.5;100;3;3568;1;0;1;3
1742;1;1.6;0;3;0;49;0.8;100;1;1947;1;0;1;2
1549;1;0.5;0;4;0;8;0.4;158;5;1998;1;1;0;2
1372;1;2.7;0;7;0;34;0.4;193;4;725;1;0;0;0
1112;0;0.5;0;0;1;12;0.9;190;4;3302;1;1;1;3
1005;0;0.5;0;0;0;46;0.4;133;8;3884;0;1;1;3
783;1;1.7;1;9;1;27;0.3;150;6;1185;1;1;1;0
1698;0;2.5;0;10;1;26;0.4;105;2;1656;1;0;1;2
899;1;2.7;0;3;1;53;0.3;192;4;2870;1;0;1;2
1062;0;1.5;0;3;0;45;0.2;151;3;911;0;0;0;0
989;1;2;0;4;0;17;0.2;166;3;3892;1;1;0;3
1983;1;1.2;1;6;1;27;0.6;125;1;3897;1;1;1;3
1800;1;3;0;5;0;53;0.3;87;1;656;0;0;1;0
1254;0;1.7;0;0;1;45;0.4;146;3;606;1;1;1;1
868;0;1.7;0;0;0;30;0.8;83;4;1653;1;0;0;1
1205;0;0.5;1;3;0;12;0.6;175;4;860;1;0;1;0
1284;1;2.8;1;0;0;10;0.9;155;2;2197;0;1;1;1
626;0;0.7;1;2;1;23;0.5;187;2;3458;1;0;1;2
1763;0;2.9;1;1;1;53;0.2;101;4;2066;1;1;1;1
694;1;1.8;1;15;0;36;0.4;193;4;3676;1;0;1;3
1265;0;0.6;1;4;1;49;0.5;90;1;1518;1;0;1;1
816;1;0.5;0;4;0;14;0.9;198;3;1018;1;0;0;0
904;0;1.8;0;3;1;35;0.4;168;3;1360;1;0;0;0
979;0;0.5;1;0;1;5;0.5;164;7;3449;1;0;0;3
1531;0;2;0;0;1;60;0.4;162;6;2524;1;0;0;2
934;0;2;1;2;0;30;0.7;182;8;703;0;0;1;0
1624;1;2.6;1;0;0;58;1;200;3;1251;0;1;1;1
874;0;1.3;0;5;0;8;0.5;185;1;582;0;0;0;0
1027;1;2.2;0;0;0;63;0.8;102;5;1732;0;1;1;1
1966;0;0.8;1;15;1;48;0.2;144;1;1252;1;1;1;2
1048;1;1.5;0;2;1;29;1;182;1;2146;1;0;0;1
1496;1;1.9;1;13;0;38;0.1;126;4;1927;0;0;1;1
959;1;1.7;0;15;0;13;0.4;155;4;3328;1;1;1;2
1349;1;2.2;1;5;0;55;0.1;105;7;2462;1;0;1;2
1689;1;2.4;1;0;1;13;0.9;168;2;1172;1;1;1;0
1558;1;2.4;0;0;1;27;0.1;146;1;3598;1;0;1;3
582;0;0.5;1;3;0;27;0.2;168;3;2437;1;1;1;2
1485;0;2.8;0;3;1;44;0.1;138;4;3271;1;1;0;3
1991;1;1.8;0;11;0;9;0.7;94;3;1511;0;0;0;1
553;0;0.5;1;2;1;23;0.5;119;3;2981;1;0;0;2
1231;0;0.7;1;2;0;7;0.9;113;1;3119;1;1;0;3
805;0;0.8;0;1;0;34;0.6;88;6;3647;1;0;1;3
764;1;1.2;1;1;0;13;1;152;8;3148;1;1;0;2
894;0;0.9;0;5;1;54;0.2;130;3;2829;1;0;1;2
1589;0;2.6;0;9;0;46;0.4;84;3;2373;1;1;0;2
1456;0;1.6;1;9;1;39;0.1;80;8;3998;1;1;0;3
743;0;0.5;1;0;1;33;0.3;95;2;316;1;0;0;0
1061;1;2.1;0;3;1;52;0.1;109;7;999;1;1;0;0
1428;1;1.6;0;0;0;7;0.1;153;4;1808;0;1;0;1
674;1;2.8;1;0;1;8;0.2;93;3;589;1;1;0;0
832;0;1.1;0;0;1;46;0.3;93;6;3317;1;1;0;3
1625;1;0.5;1;2;1;50;0.1;107;8;670;1;0;0;0
907;0;1.4;1;3;0;42;0.2;151;1;584;1;0;0;0
1631;0;0.5;0;2;1;13;0.5;166;2;2173;1;1;0;2
1584;1;1.3;0;6;0;41;0.6;135;4;1561;0;0;1;1
1382;1;0.5;0;7;1;13;0.3;199;2;2073;1;0;1;1
633;1;1.4;0;0;1;46;0.7;102;6;1401;1;1;0;1
1444;1;2.1;0;9;0;38;0.4;104;7;3764;0;0;0;3
852;1;1.6;1;6;1;54;0.4;147;5;1275;1;0;1;0
922;1;0.7;0;0;1;47;1;157;8;1464;1;0;1;1
1745;0;1.5;1;4;1;57;0.1;159;3;2885;1;1;1;3
862;0;2.3;0;9;1;6;0.1;107;8;3458;1;1;1;3
1754;1;2.1;1;1;1;52;1;101;4;3019;1;0;1;3
1008;0;2.5;0;3;0;36;1;109;1;1083;0;0;0;1
1569;0;0.5;1;3;0;33;0.2;147;1;3538;1;0;1;3
1596;0;2.9;1;7;0;7;0.7;149;2;2493;1;1;1;2
1807;1;0.5;1;2;1;61;0.1;134;6;3726;1;0;0;3
1660;0;2.8;1;4;0;7;0.8;184;1;1531;0;0;0;1
1861;1;0.9;0;4;1;55;0.5;148;7;601;1;0;0;1
648;0;1.9;1;4;0;8;1;91;5;2991;0;0;1;2
1379;0;0.5;1;1;0;19;0.3;134;8;3912;0;1;1;3
1910;1;1.7;0;0;0;34;0.6;115;2;309;0;0;1;0
1807;0;2;1;0;1;13;0.5;155;8;323;1;1;1;0
1923;0;0.5;1;7;0;46;0.5;191;1;1489;1;1;1;1
1345;1;3;0;7;1;38;0.1;162;3;1322;1;0;0;1
904;0;1.6;1;5;1;14;0.2;102;8;1846;1;0;1;1
1239;0;1.2;1;5;1;52;0.9;122;2;417;1;0;1;0
1330;0;0.9;0;6;1;52;0.8;84;4;3269;1;1;0;3
516;1;0.7;1;1;0;30;0.9;138;1;3731;0;0;0;2
672;1;0.5;1;0;0;54;0.9;95;4;667;0;0;0;0
892;1;0.5;0;0;1;47;0.4;94;1;1241;1;0;1;1
1778;0;0.5;0;0;1;23;0.5;101;6;3941;1;0;0;3
1130;1;2.5;0;4;1;58;0.1;132;5;1018;1;0;0;0
1359;0;0.6;0;4;0;59;0.3;86;2;3142;0;1;1;3
1866;1;2.5;1;3;1;47;0.8;89;5;1444;1;0;0;1
1597;0;2.3;0;11;0;34;0.4;89;1;934;0;1;0;0
1046;1;2.8;1;0;1;58;0.2;100;8;3863;1;1;1;3
1035;0;0.6;1;2;1;44;0.5;99;3;3506;1;1;0;3
1175;1;1.3;0;2;0;19;0.3;164;7;1944;1;1;0;1
1261;1;0.5;1;0;1;11;0.2;90;4;348;1;0;1;0
1068;0;0.7;1;9;0;51;0.5;124;4;550;1;1;0;0
1713;0;3;1;5;1;20;0.9;104;7;971;1;0;0;0
1688;0;2.5;0;0;1;21;0.2;170;7;3984;1;1;1;3
1413;1;0.5;1;4;1;45;0.4;104;5;2973;1;0;1;3
559;1;0.5;0;10;0;11;0.4;82;5;2019;1;1;1;1
1483;1;2.6;1;13;0;19;0.6;146;7;1587;0;0;0;1
860;1;1.6;1;13;0;48;0.5;187;7;1870;1;0;0;1
1090;0;1.3;1;5;0;27;0.1;91;4;1352;0;1;0;1
686;1;0.5;0;11;0;3;0.3;91;6;570;0;1;0;0
818;0;1.3;0;14;0;43;0.9;177;6;546;1;1;1;0
1456;0;1.6;1;5;0;49;0.2;193;3;3624;1;1;0;3
774;0;0.5;1;2;1;10;0.5;188;2;2944;1;1;1;2
1068;0;0.5;1;0;1;19;0.9;197;8;1209;1;1;0;0
1373;1;1.9;1;1;1;29;0.9;141;6;2752;1;1;1;3
1777;1;3;0;3;0;20;0.6;188;6;3868;0;1;1;3
594;0;0.8;0;2;1;28;0.1;132;5;3087;1;1;1;2
1524;0;2.6;1;5;0;57;0.5;124;2;947;0;1;1;0
511;1;0.6;1;12;0;50;0.1;175;3;1484;1;0;0;0
1402;1;0.6;1;3;0;46;0.3;87;7;347;1;0;1;0
965;1;0.5;0;15;0;53;1;131;8;3227;1;0;0;2
1270;1;2.3;0;0;0;58;0.5;104;5;3299;0;0;1;3
919;0;0.5;1;11;0;13;0.3;159;1;1028;1;0;0;0
1963;1;1;0;16;1;34;0.1;157;2;714;1;0;1;1
1977;0;1.3;1;2;0;31;0.4;173;8;2641;0;0;0;3
1881;0;2.2;0;4;0;51;0.3;158;5;1229;1;0;0;1
683;0;0.7;0;5;0;19;0.9;173;4;2622;0;0;1;2
772;0;2.6;1;7;0;6;0.1;100;2;929;0;1;1;0
536;1;1.4;0;0;1;53;0.7;135;3;1211;1;0;1;0
1694;0;1.8;0;0;0;53;1;186;6;1653;1;0;0;2
1633;0;1.7;1;3;1;33;0.9;111;2;511;1;1;0;0
1371;0;0.5;0;4;0;52;0.5;167;4;3034;0;0;0;2
551;1;2.8;0;0;1;54;0.1;172;7;1414;1;0;1;0
1221;0;0.5;0;1;1;28;0.5;139;1;2438;1;1;1;3
1000;1;0.5;0;12;0;63;0.7;179;8;3744;0;0;1;3
1986;0;2.7;1;3;1;64;0.2;162;4;1377;1;1;1;1
1119;0;0.5;1;0;1;23;0.4;164;4;3520;1;0;0;3
1699;0;0.5;1;1;0;59;0.5;97;4;3796;0;1;1;3
1099;0;0.5;0;13;1;61;0.3;146;3;1699;1;1;1;1
1576;0;2.6;0;7;0;58;0.2;90;3;336;1;1;1;0
950;1;0.5;0;9;0;55;0.1;156;5;1095;0;1;0;0
1081;1;2.5;1;13;0;49;1;99;3;325;0;0;1;0
606;0;2.5;0;1;1;53;0.2;146;4;1223;1;0;0;0
502;0;1.5;1;7;0;37;0.2;199;2;1649;0;1;0;1
957;1;0.7;0;0;1;4;0.1;160;2;1898;1;1;0;1
1658;1;1.4;1;0;1;38;0.3;159;5;2609;1;0;0;2
1681;1;2.5;1;6;0;18;0.3;167;1;2265;1;1;1;2
1983;1;0.5;1;3;0;43;1;87;6;2775;0;1;1;2
1753;0;1.2;0;8;1;12;0.9;113;7;1445;1;1;1;1
1632;1;1.4;0;0;0;41;0.1;132;4;2614;1;0;0;2
1949;1;1.4;0;7;0;57;0.3;145;7;356;0;0;0;0
1696;0;1.7;0;1;0;13;0.9;97;3;523;0;1;1;0
688;0;2.5;1;0;0;57;0.8;131;7;3745;0;1;0;3
1104;0;1.7;0;1;1;60;0.4;199;2;1229;1;1;1;0
1122;0;2.8;0;0;0;28;0.6;184;3;1402;0;1;0;1
504;1;0.5;1;2;1;46;0.9;172;5;2085;1;0;0;1
1154;0;0.5;0;12;1;14;0.7;156;7;587;1;1;1;0
1727;0;2.1;0;2;1;63;0.6;85;7;2457;1;0;1;3
1674;0;2.8;1;0;1;52;0.2;89;3;2030;1;0;0;2
1948;0;2.8;1;5;1;18;0.2;135;2;816;1;0;0;0
1218;1;2.8;1;3;0;39;0.8;150;7;1667;0;0;0;1
531;0;1.1;0;10;0;63;0.7;189;7;2958;0;1;0;2
1057;0;2.1;0;4;0;5;0.5;154;5;3705;1;0;0;3
576;0;1.2;0;1;0;30;0.8;162;8;2800;0;1;1;2
1960;1;2.1;0;1;0;7;0.2;165;7;3773;0;1;1;3
673;1;1.7;1;3;1;22;0.1;88;1;2050;1;1;0;1
718;0;0.7;1;0;1;21;0.8;88;1;1754;1;0;1;1
864;0;1.7;0;3;1;35;0.3;103;3;1904;1;1;1;1
547;0;1.9;1;1;0;37;0.4;154;5;2705;1;1;0;1
623;1;0.9;0;1;1;3;0.1;102;8;3537;1;0;1;3
1793;0;0.7;1;11;0;27;0.4;154;5;1370;1;0;1;1
1720;1;0.7;1;0;0;19;0.1;137;2;1222;0;0;0;1
812;0;0.5;1;1;0;64;1;106;4;3102;0;0;0;2
980;1;0.5;0;0;1;33;0.9;160;6;2268;1;1;0;2
643;0;1;0;9;1;18;0.2;187;8;2648;1;1;1;1
1925;0;3;1;0;1;16;0.8;175;8;2173;1;1;0;2
1408;1;2.5;0;3;0;32;0.1;151;4;3162;1;0;0;3
1522;1;0.7;1;4;0;28;0.2;124;1;1368;1;0;1;1
587;1;2.5;0;16;1;51;0.6;111;1;2746;1;0;1;2
1959;0;0.5;1;5;0;18;0.7;191;6;619;1;1;1;0
1872;0;0.5;1;3;0;17;0.7;89;6;724;1;0;1;1
1043;1;0.5;0;7;0;42;0.1;111;3;912;0;1;0;0
1809;0;0.5;0;6;0;23;0.7;123;6;2784;1;1;1;3
1703;1;0.5;0;5;1;23;0.2;92;6;793;1;1;0;0
1095;1;0.5;0;4;0;45;0.5;197;1;560;1;1;0;0
1414;0;2.6;0;1;0;27;0.6;137;4;312;0;0;1;0
1659;1;2.5;0;2;0;41;0.1;88;7;545;0;1;1;0
1540;0;0.7;1;1;0;60;0.8;197;7;1591;1;0;1;1
1342;0;1;0;0;1;31;0.6;86;7;2746;1;1;0;3
1189;1;2.3;0;13;0;8;0.5;198;3;893;1;1;0;0
518;1;2.4;0;0;1;62;0.6;128;6;2514;1;1;1;1
1449;0;0.8;1;3;1;10;0.2;144;1;1032;1;1;1;1
516;0;1.1;1;0;1;39;0.4;91;5;819;1;1;1;0
1569;0;0.8;1;8;0;59;0.9;111;3;3672;1;0;1;3
1312;1;0.8;1;0;0;24;0.9;156;6;3833;0;1;0;3
1893;1;0.5;1;1;0;23;0.1;179;8;1482;0;1;0;2
1076;0;2.5;0;3;0;14;0.2;105;5;2043;0;0;0;1
530;1;2.6;0;1;0;40;0.9;118;6;1229;0;1;0;0
1044;1;2.8;1;7;0;33;0.6;129;4;1816;1;0;1;1
1330;0;1.1;0;11;0;37;0.7;126;7;2166;1;0;0;2
1836;0;1.1;1;0;0;14;0.7;104;5;2469;1;1;1;2
1741;1;0.5;0;1;1;55;0.1;140;5;2575;1;1;1;2
1869;0;2.6;0;0;1;30;0.4;152;1;1375;1;0;0;1
1331;0;0.5;0;8;0;55;0.9;146;3;1732;1;0;1;1
1655;1;0.5;1;6;1;4;0.1;105;3;673;1;0;0;0
605;0;1.5;0;9;1;18;0.9;162;2;2301;1;0;0;1
1245;1;0.6;0;2;0;30;0.7;105;5;2676;1;0;0;2
1709;1;0.8;0;8;1;58;0.8;136;2;1781;1;0;0;2
846;1;2.6;0;0;1;58;0.1;123;4;2248;1;0;0;2
1403;1;2.5;1;3;0;62;0.9;90;4;921;1;0;0;0
688;1;1.5;0;0;0;2;1;89;3;391;1;1;1;0
775;1;2.5;1;1;1;10;0.1;185;7;1719;1;1;1;1
1154;0;2;0;6;1;35;0.8;159;5;3262;1;0;0;3
1375;0;0.5;1;2;1;35;0.1;194;2;1947;1;1;1;1
1827;1;0.8;0;4;0;61;0.9;130;7;2693;0;1;1;3
1697;0;0.5;0;0;1;60;0.1;90;4;441;1;1;0;0
741;0;1.5;0;1;0;14;0.3;178;5;1886;1;1;1;0
1672;1;0.5;1;13;1;32;0.7;174;1;1267;1;1;0;1
514;1;0.7;0;4;0;57;0.1;186;3;687;1;1;1;0
1375;1;1.3;1;2;0;12;0.1;105;1;2890;0;0;0;3
989;1;1.8;1;4;1;55;0.7;124;1;1737;1;0;1;1
1510;1;2.5;1;11;0;47;0.7;138;2;887;0;0;0;0
1266;0;2.6;0;1;0;18;0.4;86;7;398;1;1;1;0
1396;0;2.4;1;0;0;46;0.1;138;7;2389;0;0;1;2
808;0;2.3;0;3;0;45;0.8;161;1;3431;0;1;1;3
1542;0;2.3;0;1;0;43;0.8;182;2;3601;0;0;0;3
745;1;0.6;1;5;0;35;0.8;102;8;2459;1;1;0;1
1735;1;1.9;1;0;1;59;0.7;148;6;3230;1;1;0;3
586;0;0.5;1;1;0;57;0.3;188;2;3646;1;1;1;3
1341;1;2.1;1;0;0;36;0.4;107;8;2200;0;1;0;1
781;1;1.3;1;1;0;64;0.2;88;2;3862;0;0;0;3
501;1;0.5;1;14;0;22;0.5;174;6;3077;0;0;0;2
1224;1;1.8;1;2;1;44;0.2;139;2;621;1;1;1;0
1970;0;1.6;1;11;1;58;0.3;80;8;2372;1;1;0;2
618;1;2.2;1;0;1;63;0.9;138;2;2574;1;1;0;2
1537;0;2.9;0;11;1;46;0.8;158;4;2857;1;1;1;3
1018;0;2.2;0;8;0;16;0.6;153;8;3143;0;1;0;3
1545;0;1.3;1;15;1;35;0.1;173;5;3197;1;0;1;3
1871;0;2.1;0;4;1;41;0.4;144;8;2727;1;0;0;3
1729;1;2.1;1;1;0;12;0.9;186;1;1519;1;0;1;1
680;1;2.1;1;9;1;9;0.1;131;3;2438;1;0;0;2
1106;1;1.9;0;4;0;54;0.7;107;3;2674;1;0;1;2
635;1;0.6;1;1;1;50;0.3;97;5;2107;1;0;0;1
618;0;0.6;0;8;0;16;0.2;143;1;2262;0;1;0;2
1671;0;0.5;1;13;0;5;0.9;179;8;815;1;1;1;0
1562;1;1.2;1;0;1;52;0.1;105;7;2829;1;1;1;2
1975;1;1.9;1;2;0;31;0.9;151;1;3022;0;0;1;3
831;1;0.7;0;2;1;62;0.7;134;8;2573;1;0;1;2
1524;1;1.8;1;0;0;10;0.6;174;4;2678;1;0;1;2
1528;1;1.8;1;3;1;55;0.8;129;5;1282;1;1;1;1
1447;1;2.5;1;2;0;9;0.2;155;8;568;0;0;0;0
1344;0;1.5;0;1;0;14;0.5;190;1;2074;1;1;0;1
564;0;3;1;1;0;8;0.7;130;2;2227;1;0;1;1
921;0;0.6;1;1;0;60;0.1;83;2;1080;0;0;1;0
1413;1;1.7;0;2;0;10;0.2;200;6;2867;0;1;0;2
831;0;2.4;0;10;0;55;0.5;86;6;1075;1;1;0;0
802;0;0.5;1;3;0;43;0.6;153;5;3063;0;1;0;2
1923;0;1.3;0;3;0;24;1;86;4;2479;1;1;0;2
1193;1;3;0;10;0;56;0.4;196;3;2394;1;1;0;2
904;1;1.2;1;10;1;31;0.8;112;3;2814;1;0;0;2
1285;0;2.4;0;1;1;51;1;140;7;2094;1;0;0;1
1635;0;2.6;1;0;1;2;0.6;182;4;2315;1;1;0;2
1923;0;1;1;5;1;14;0.9;154;4;2519;1;0;1;2
1851;1;1.9;1;3;1;12;0.9;198;6;735;1;0;1;0
727;1;1.5;0;0;1;32;1;131;7;1891;1;0;1;1
1396;0;1.5;1;0;1;44;0.1;118;6;1386;1;1;1;1
877;0;1.3;1;9;1;46;0.8;135;1;3260;1;0;0;2
696;1;2.4;0;11;1;35;0.2;103;3;2022;1;0;1;1
1009;1;1;1;2;0;2;0.6;102;8;1716;0;0;0;1
1526;0;1.1;1;2;1;38;0.3;116;5;3317;1;1;1;3
987;0;2;1;1;0;20;0.8;192;7;1454;1;1;0;0
1414;1;2.2;1;0;1;49;0.5;101;4;2290;1;1;0;1
1732;0;0.8;0;2;0;61;0.3;172;5;3940;0;1;1;3
1587;1;0.5;0;0;0;50;0.9;148;8;461;1;0;1;0
1097;0;0.8;0;10;1;21;0.1;160;7;2219;1;0;1;2
504;0;2.8;1;0;0;40;0.5;178;3;470;1;0;0;0
1159;0;2.7;0;13;1;28;0.2;80;8;2495;1;1;1;2
1910;0;1.4;0;0;0;29;0.6;146;7;2944;1;1;1;2
865;0;1.2;1;8;0;59;0.1;159;3;2361;1;0;1;2
1930;1;2;0;11;0;16;0.8;186;8;1783;0;0;1;2
860;1;1.3;1;8;1;40;0.7;170;3;2832;1;1;1;2
1268;1;2.9;0;9;1;42;0.9;182;6;931;1;1;0;0
999;1;1.8;1;0;1;27;0.1;167;4;1344;1;0;0;0
622;0;0.7;0;0;1;9;0.3;127;2;3916;1;0;1;2
1250;1;1.4;0;8;0;44;0.2;182;7;1882;0;0;0;1
763;1;0.5;0;9;1;51;0.3;104;5;2865;1;1;1;2
1100;1;1.6;0;12;0;15;0.1;112;8;757;1;1;1;0
815;0;2;1;4;0;51;0.3;85;6;3469;1;0;1;3
618;1;0.5;1;2;1;57;0.2;88;3;2399;1;1;1;1
553;1;2.2;1;0;1;18;0.7;136;2;3300;1;0;0;3
673;1;2.2;1;2;0;3;0.4;84;2;2719;1;1;1;2
563;0;2;1;3;0;47;0.3;115;7;3012;1;0;0;2
1590;0;1.5;1;12;1;14;0.5;187;4;2836;1;0;0;3
1031;1;2.1;1;2;1;11;0.1;121;2;2385;1;0;0;2
909;1;0.5;1;9;0;30;0.4;97;3;594;1;1;1;0
1880;0;0.5;0;0;1;7;0.6;104;4;2968;1;1;0;3
1479;1;1.8;1;0;1;24;0.1;146;6;3762;1;0;0;3
1271;0;1.5;1;0;0;2;0.9;161;1;892;0;1;0;1
709;0;1.9;0;11;1;13;0.1;81;8;467;1;1;1;0
1744;0;2.8;0;0;1;62;0.7;158;1;345;1;0;0;0
1314;1;2.2;0;0;1;40;0.8;116;7;3033;1;1;1;3
1136;0;0.5;0;0;1;9;0.9;150;6;2110;1;0;1;2
1039;1;2.7;0;11;0;56;0.3;125;8;3105;0;1;1;2
1300;1;0.5;0;5;0;62;0.1;156;6;874;1;1;0;0
732;1;2.3;1;7;1;39;0.6;188;7;3681;1;1;1;3
511;0;0.7;1;1;1;52;0.7;180;2;3865;1;0;1;2
1092;1;0.5;1;10;0;11;0.5;167;3;737;0;1;0;0
921;1;2.2;1;12;1;10;0.1;170;7;3153;1;1;0;3
1030;1;0.5;0;4;1;37;0.7;147;1;2800;1;0;1;2
1130;0;1.8;1;0;0;27;0.9;101;1;315;1;1;0;0
1299;0;2.8;1;2;0;60;0.8;187;8;1412;0;1;1;1
1009;1;2.8;1;7;1;2;0.6;115;7;2286;1;0;0;2
1735;0;1.8;1;16;0;34;0.1;140;2;2392;1;0;1;2
1129;1;2.8;1;0;0;49;0.5;185;2;1857;1;1;1;1
708;0;1.9;0;0;0;26;0.3;116;7;1419;1;1;1;0
894;0;0.7;0;2;1;58;0.1;123;2;3305;1;0;0;2
530;0;2.4;0;1;0;32;0.3;88;6;959;0;1;0;0
1481;1;2;1;0;0;35;0.5;105;3;2635;1;0;1;2
1068;0;2.7;1;0;1;45;0.6;194;5;1754;1;0;1;1
1487;0;0.5;0;6;1;57;0.7;84;3;2563;1;0;0;2
1524;0;2.5;1;11;1;41;1;96;4;1936;1;1;1;1
1093;0;1.9;1;2;1;22;0.3;196;8;1869;1;1;1;1
1816;1;1.6;1;0;0;50;0.1;186;5;3637;0;0;1;3
627;0;1.8;0;2;0;20;0.8;142;3;896;0;0;0;0
989;1;0.7;0;13;1;51;0.4;132;3;2349;1;0;1;1
1895;0;0.5;0;2;1;5;0.7;134;1;774;1;1;0;1
805;1;1.7;1;0;1;58;0.9;168;3;3397;1;0;0;2
713;1;1.6;0;7;1;2;0.4;181;8;485;1;1;1;0
864;0;2.5;0;10;1;24;0.7;148;4;3964;1;1;0;3
1177;0;0.9;0;1;0;11;1;181;4;1887;1;1;1;1
582;0;0.5;0;8;0;32;0.7;107;3;2977;0;1;1;2
1898;0;1.8;1;3;1;56;0.2;185;7;2114;1;1;1;2
1158;0;0.7;1;1;1;29;0.7;123;2;1542;1;0;1;1
1451;1;0.5;0;5;1;57;0.6;181;8;3038;1;0;1;3
1820;1;1.4;0;5;0;51;0.9;163;7;2481;0;0;0;2
984;0;0.5;1;3;1;9;0.8;140;3;841;1;0;0;0
580;1;2.1;1;0;0;24;0.4;135;4;3565;1;0;1;2
1263;1;2;0;0;0;5;0.4;146;6;1958;1;1;1;2
1237;0;0.5;0;2;0;27;0.1;87;8;2454;1;1;1;2
514;1;1.6;0;7;1;37;0.1;172;1;3392;1;1;1;3
1515;0;2.6;0;0;1;56;0.9;184;3;262;1;1;0;0
721;0;0.5;1;6;1;6;0.4;194;4;530;1;0;1;0
603;1;2.5;1;3;0;35;0.7;126;3;3703;0;0;1;3
1426;1;2.5;0;2;1;55;0.4;109;1;2562;1;0;0;2
1820;1;1.7;1;0;1;64;0.6;161;1;574;1;1;0;1
1215;0;1;0;4;0;16;0.1;130;4;2632;0;0;1;2
697;0;2.7;1;5;1;20;0.4;173;2;259;1;1;1;0
717;1;0.5;1;4;0;10;0.6;198;1;688;0;1;0;0
1348;1;2;1;5;0;36;0.3;145;6;2554;0;1;0;2
1164;1;2.6;1;0;0;61;0.3;88;1;3859;0;1;0;3
578;1;0.5;0;9;1;62;0.3;170;5;2977;1;1;1;2
1971;1;0.5;1;0;0;40;0.3;186;7;571;1;1;0;0
1794;1;0.5;1;5;1;55;0.5;86;7;402;1;0;1;0
1558;1;2.5;0;2;1;32;0.1;114;5;878;1;1;1;0
1597;1;0.9;0;4;1;4;0.5;85;1;2130;1;1;0;2
1240;0;1.6;0;0;0;39;0.1;146;2;3260;0;0;1;3
1994;1;0.8;1;2;1;7;0.6;88;8;454;1;1;0;0
1221;0;2.3;0;7;1;35;0.4;152;7;2638;1;1;1;2
989;1;1.6;1;11;1;24;0.6;156;8;2819;1;0;1;2
1180;1;1.2;0;5;1;50;1;144;4;1464;1;1;1;1
718;0;2.8;0;10;0;59;0.8;113;6;1824;1;1;0;1
1670;1;1.6;1;0;0;47;0.8;139;8;876;1;1;0;1
534;1;2.5;0;1;1;21;0.3;164;7;2706;1;1;0;2
1566;1;0.5;1;0;0;20;0.5;126;2;659;1;1;1;1
1935;0;0.5;0;0;1;29;0.6;124;5;455;1;0;1;0
504;1;2.8;1;2;0;54;0.4;163;2;2378;1;0;0;2
913;0;1.7;1;1;1;41;0.3;103;1;2278;1;1;0;1
1317;0;1.8;1;2;0;43;0.5;113;5;3436;0;1;1;3
917;1;0.5;0;1;1;31;0.5;88;6;3424;1;1;0;3
712;0;2.5;1;1;0;49;0.6;99;6;401;1;0;1;0
1083;0;1;0;6;0;52;0.9;126;2;681;1;1;1;0
1039;0;0.6;0;5;1;6;0.1;136;6;3212;1;0;1;2
1747;0;0.5;0;4;0;13;0.7;185;6;3105;1;0;0;3
1449;1;0.5;1;0;0;52;0.6;105;6;2036;0;1;0;1
1872;1;0.5;1;14;0;49;0.2;139;7;3153;1;1;0;3
1796;0;1.6;1;5;0;7;0.1;101;4;1642;0;1;1;1
1097;0;1.4;0;0;0;60;0.8;181;1;509;1;0;0;0
1562;0;0.5;1;1;1;20;0.8;172;8;3465;1;1;0;3
1433;1;2.3;0;8;1;27;0.9;153;7;3900;1;0;1;3
740;0;1.8;0;1;0;12;0.2;123;1;1105;0;1;1;0
676;0;2.2;0;1;1;39;0.2;84;1;2064;1;0;0;1
503;1;1.8;1;1;1;13;0.7;131;1;3117;1;0;1;3
1020;0;1.5;0;13;1;7;0.7;96;3;1142;1;0;1;1
896;0;1;1;3;1;4;0.3;111;1;1060;1;1;1;1
1824;1;0.8;0;4;1;19;0.9;143;2;2381;1;0;0;2
1512;0;0.6;1;1;1;54;0.4;134;3;3366;1;0;1;3
1053;0;2.9;0;7;0;42;0.9;126;6;1339;0;0;1;0
1944;1;1.8;1;0;1;31;0.8;87;4;2560;1;0;0;3
1174;0;0.7;1;1;1;25;0.8;91;2;285;1;0;1;0
627;1;1.6;1;3;1;12;0.2;131;7;2476;1;0;0;1
1602;0;2.7;0;4;1;46;0.6;118;1;1862;1;0;1;1
1733;1;1.5;1;4;1;6;0.9;170;1;3488;1;1;1;3
586;0;1.4;1;10;1;8;0.5;142;8;3178;1;0;1;2
1528;0;2.4;0;2;0;37;0.2;156;8;733;1;1;0;0
875;0;0.7;0;2;0;23;0.1;110;7;756;0;0;0;0
1602;0;0.6;0;12;0;58;0.4;170;1;3622;0;1;1;3
1426;0;1.6;0;4;1;12;0.7;174;5;1277;1;0;0;1
1370;0;1.4;0;5;1;6;0.2;158;6;3703;1;1;0;3
609;1;0.5;0;4;1;10;0.1;81;6;1905;1;1;1;1
840;0;1.2;1;5;1;15;0.3;178;6;2636;1;1;0;2
991;0;2;0;2;1;12;0.3;158;5;2014;1;0;0;2
1724;1;1.8;0;0;1;9;0.8;100;2;3056;1;0;0;3
584;1;1.8;0;0;1;19;0.3;168;3;465;1;1;0;0
860;1;1.3;1;1;1;49;0.7;141;6;3869;1;1;1;3
1541;1;2.8;1;10;1;28;0.2;165;5;1108;1;0;1;1
615;1;0.5;1;7;0;58;0.5;130;5;1906;1;0;0;1
912;1;2.8;1;6;1;46;0.4;84;4;851;1;1;1;0
1278;1;1.2;0;10;1;60;0.6;172;7;3142;1;0;1;3
1365;0;0.6;0;0;1;31;0.3;125;4;1300;1;0;1;0
1702;0;1;0;7;0;36;0.1;177;5;1430;0;0;0;2
589;1;0.5;0;1;1;59;0.7;146;8;362;1;1;1;0
1347;0;1.5;1;10;0;56;0.3;95;1;2456;1;1;1;2
1644;0;2.8;0;0;1;44;1;137;8;2360;1;0;0;2
956;0;1.9;1;1;0;42;0.1;133;7;3700;1;1;0;3
1089;0;1.4;1;10;0;2;0.1;153;7;2620;1;0;0;2
871;0;0.6;0;2;0;52;0.1;178;3;437;1;0;0;0
664;0;1.5;0;5;1;6;0.9;164;2;3774;1;0;0;3
1874;1;0.6;0;1;0;19;0.8;192;2;1218;0;1;0;1
1928;0;2.6;0;5;0;5;0.8;162;5;696;1;1;1;0
888;0;2.6;1;2;1;33;0.4;198;2;3407;1;0;0;3
1077;1;1.7;1;1;0;58;0.8;86;7;3902;1;0;0;3
1023;1;2.3;1;5;1;30;0.2;80;8;2086;1;1;1;1
1426;1;0.8;0;2;1;42;0.6;84;3;1356;1;0;1;1
831;0;1.7;1;7;1;26;0.7;177;5;1704;1;1;1;0
1496;1;1.3;1;0;1;6;0.5;85;3;3571;1;1;1;3
1433;1;2.3;0;2;1;5;0.1;129;5;2132;1;0;1;1
1095;1;2.6;1;0;1;44;0.7;103;4;3209;1;1;1;3
643;1;0.7;1;3;1;23;0.8;156;1;2096;1;0;0;1
1142;1;1.1;0;0;1;6;0.5;198;4;1273;1;0;0;1
730;1;0.5;1;3;1;27;0.1;112;5;3623;1;1;0;2
1901;1;0.5;0;5;1;41;0.6;131;2;368;1;0;0;0
1510;0;0.6;1;1;0;32;0.7;135;3;854;1;0;1;1
1924;0;2.6;0;0;1;59;0.9;136;6;3646;1;0;1;3
1825;0;1.1;1;13;1;17;0.1;157;4;3130;1;0;1;3
1275;1;0.5;1;3;1;5;0.2;152;1;3784;1;1;0;3
987;1;2.3;0;9;0;17;0.8;124;7;3885;1;1;0;3
1538;1;2.3;0;6;1;13;0.2;121;7;1494;1;1;1;1
1965;1;0.5;0;4;1;29;0.5;149;5;2973;1;1;1;3
808;0;1.9;0;7;0;20;0.8;185;6;1471;0;1;0;0
712;0;0.5;0;6;0;27;0.5;86;2;2001;1;1;1;1
1507;1;0.9;1;0;1;42;0.4;123;5;1486;1;0;0;1
912;0;0.7;0;3;0;47;0.9;182;3;1321;0;1;1;0
769;1;1.2;0;2;0;17;0.1;95;8;1877;0;0;1;1
948;0;2.3;0;14;0;22;0.1;173;5;3499;1;1;1;3
507;1;1.9;1;0;1;39;0.7;142;1;2124;1;1;0;1
1384;1;2.8;1;15;0;60;0.1;82;3;1221;1;0;1;1
1766;1;1.3;0;1;0;29;0.5;194;8;2316;0;0;1;2
1407;0;1.8;1;5;1;16;0.2;170;4;1068;1;1;0;1
614;0;2.9;1;3;1;24;0.2;94;4;1930;1;0;1;1
1972;0;2.9;0;9;0;14;0.4;196;7;1316;1;1;0;1
1039;0;0.5;1;8;0;47;0.2;130;8;1742;1;0;0;1
511;1;3;1;5;1;34;0.9;125;8;3265;1;0;0;2
1811;1;2.5;0;4;1;5;0.6;98;4;2700;1;1;1;2
1159;0;1.5;0;3;0;36;0.4;104;4;2115;0;0;0;2
1848;0;1.3;1;7;0;12;0.1;178;2;3915;0;0;1;3
1988;1;0.5;0;0;1;16;0.1;94;8;3144;1;0;0;3
1469;0;0.5;0;3;1;58;0.5;150;7;1571;1;0;0;2
1423;0;0.6;0;12;0;44;0.8;131;5;2253;0;0;0;1
1974;0;0.5;1;9;0;10;0.8;145;6;1433;0;0;0;1
835;0;0.8;1;2;1;42;0.8;128;5;2583;1;1;1;2
1429;0;0.6;0;8;0;42;0.9;151;5;1817;1;0;0;1
947;1;0.5;0;1;1;51;0.1;144;2;2915;1;1;1;2
1446;1;2.8;1;0;1;18;0.3;178;8;3340;1;1;1;3
1332;0;1.3;1;5;1;7;0.8;168;7;2790;1;1;0;2
1498;1;1.2;1;0;1;14;0.1;191;4;577;1;1;0;0
1576;1;0.9;1;0;1;14;0.4;173;2;3220;1;1;0;3
1398;0;1.6;1;8;1;26;0.8;150;1;3488;1;1;0;3
1885;0;2.4;1;12;1;14;0.6;92;4;1277;1;0;1;1
798;1;0.5;1;7;0;2;0.8;148;2;3593;0;1;0;2
1436;0;2.5;1;0;1;42;0.9;124;8;2736;1;1;0;3
1998;1;1.2;0;8;0;31;0.6;196;8;2311;1;1;0;2
1321;1;1.3;0;0;1;63;0.4;109;8;1464;1;1;1;1
1021;0;1.3;0;7;0;9;0.7;192;2;1355;1;1;0;1
1339;1;2.3;1;0;0;40;0.1;123;2;2382;1;0;1;2
1210;1;1.6;1;9;0;57;0.5;111;4;1886;1;0;1;1
1949;1;0.5;1;2;1;31;0.1;145;5;832;1;0;0;1
882;0;0.7;1;9;1;28;0.2;151;6;751;1;0;1;0
1549;1;1.5;1;0;1;27;0.4;113;5;436;1;0;0;0
1991;0;2.2;1;1;1;42;0.7;82;1;722;1;1;0;0
796;0;0.5;0;2;0;12;0.5;114;1;1075;0;1;0;0
1012;0;0.5;1;4;0;39;0.1;161;4;2802;1;1;0;2
1318;0;1.9;1;0;1;11;0.8;188;2;1780;1;0;0;1
1708;0;0.8;0;8;1;14;0.9;197;4;1247;1;0;0;1
598;1;0.8;1;8;1;62;0.1;117;8;3066;1;1;0;2
541;1;2.3;0;4;0;51;0.4;200;8;403;0;0;0;0
818;0;0.5;1;2;1;23;0.2;192;5;2518;1;1;0;2
1414;0;0.5;0;0;1;15;0.8;168;2;1069;1;0;0;0
601;1;1.7;1;3;1;6;0.8;169;4;2651;1;0;1;2
561;1;2.8;1;2;1;40;0.1;99;7;2974;1;0;1;2
1616;1;2.3;1;3;0;52;0.1;100;5;657;1;1;0;0
1263;1;1.4;1;1;1;32;0.4;103;2;3372;1;1;0;3
1604;1;1.9;1;0;1;63;0.6;93;5;1464;1;1;0;1
539;0;2;1;1;0;24;0.5;86;4;1326;1;1;0;0
1071;0;2.6;0;0;0;49;0.3;199;4;3393;1;0;0;3
826;0;0.5;1;0;1;57;0.5;135;2;323;1;0;1;0
771;0;2.9;0;2;0;62;0.7;106;1;1628;0;1;0;1
1811;0;2.9;0;0;0;33;0.2;132;8;2610;1;1;0;3
1842;1;2.2;1;7;0;56;0.4;179;4;3721;0;1;1;3
1420;0;2.8;1;1;0;50;0.1;100;8;763;0;1;1;0
1763;0;0.5;1;12;0;10;0.2;184;3;792;1;0;1;0
1163;1;1.9;0;6;0;2;0.9;133;5;1568;1;0;0;1
1805;1;0.5;0;0;0;29;0.2;182;4;1276;0;1;0;1
610;1;1.6;1;9;0;52;0.4;90;4;3472;1;1;1;3
1533;1;1.1;1;18;1;17;0.3;160;4;2520;1;0;1;2
1924;0;0.5;0;3;1;63;0.3;111;2;3423;1;0;0;3
1801;0;0.5;1;6;0;52;0.9;120;6;258;1;0;0;0
1726;1;1.9;0;1;1;42;0.6;106;5;1868;1;0;0;2
794;0;2.5;1;15;0;14;0.6;197;3;2171;0;0;1;1
1686;1;0.5;1;4;0;28;0.8;182;5;780;0;0;0;0
1444;1;2.1;1;0;0;6;0.9;103;1;712;0;0;0;0
1004;0;1.6;1;0;1;30;1;160;8;1012;1;1;1;0
1242;1;2.4;0;8;0;28;0.2;166;4;318;1;0;0;0
539;0;1.5;0;6;1;26;0.2;137;6;3948;1;1;1;3
717;0;1.1;1;2;1;14;0.1;99;8;629;1;0;0;0
1540;0;0.7;1;0;1;29;0.1;157;7;1161;1;0;0;0
672;0;0.5;0;7;1;35;0.1;99;8;1403;1;0;0;0
1325;1;0.5;0;0;1;13;1;133;4;3707;1;1;0;3
950;0;0.5;0;6;1;55;0.1;124;8;1305;1;0;1;0
948;0;1.5;1;6;0;18;0.3;119;4;2926;1;1;1;2
1328;1;0.5;0;5;1;27;0.3;144;3;2674;1;0;1;2
1447;0;0.5;0;3;0;40;0.7;184;2;471;0;0;1;0
1973;1;0.5;1;3;0;21;0.8;95;8;1724;0;0;1;1
1731;1;2.3;1;18;0;60;0.5;171;4;1220;0;1;0;1
1617;0;1.5;0;1;1;63;0.7;111;2;2754;1;1;1;2
1791;1;0.5;1;1;1;33;0.5;110;5;594;1;0;1;0
851;0;2.3;1;7;1;54;1;101;2;1005;1;0;1;0
856;0;1.9;1;0;1;14;0.6;115;1;2439;1;1;1;1
714;1;0.5;0;1;0;30;0.3;145;4;2302;0;1;1;1
951;0;0.5;0;6;1;15;0.6;81;2;1083;1;1;0;0
1303;1;2.1;0;6;1;10;0.4;109;8;2219;1;1;1;2
1550;1;2.7;0;2;0;32;0.1;126;7;1571;0;0;0;2
1759;1;1.4;0;10;1;15;0.4;101;4;2107;1;1;0;2
1448;0;0.5;1;18;0;2;0.2;100;5;593;1;1;1;0
1987;1;1.9;0;0;0;50;0.7;119;8;857;1;1;0;1
908;0;2.1;0;1;0;44;0.6;95;5;3518;1;1;1;3
820;0;0.5;1;2;0;58;0.3;160;4;1284;0;0;1;0
904;0;2.7;1;4;0;19;0.6;147;6;545;0;0;0;0
667;0;1.3;1;4;1;6;0.1;149;6;3566;1;0;1;2
1109;0;2.1;0;1;0;34;0.1;173;1;2821;1;0;1;2
1333;0;1.4;0;3;1;59;0.7;183;7;3442;1;1;0;3
1352;0;2.4;0;5;1;6;0.9;92;6;1309;1;0;0;1
1600;0;2.5;1;1;0;19;0.6;88;6;1179;0;0;1;1
1454;0;1.4;1;8;0;37;0.8;80;8;1713;0;0;0;1
1489;0;2.1;1;0;0;9;0.4;169;3;1663;1;0;1;1
1823;0;2.8;1;11;0;10;0.6;81;8;1812;1;1;1;2
1581;1;1;0;9;0;41;0.4;172;4;1384;0;1;1;1
1672;1;1.7;1;1;1;44;0.5;172;8;1348;1;1;1;1
1283;1;0.7;1;0;1;27;0.2;80;4;3957;1;0;0;3
630;0;2;0;9;1;14;0.5;180;8;1212;1;0;0;0
659;0;2.2;0;0;1;24;0.7;151;8;3925;1;1;1;3
1811;1;0.5;1;0;0;32;1;115;6;348;1;0;1;0
688;1;2.5;0;9;0;40;0.2;109;5;1382;0;1;0;1
514;1;2.9;1;5;0;18;0.7;141;2;980;0;0;1;0
1933;0;2.8;1;1;0;16;0.5;154;3;838;0;1;0;0
915;0;2;0;8;1;31;0.3;91;3;378;1;1;0;0
1006;0;2.2;1;4;1;22;0.8;135;4;909;1;0;1;0
1134;1;0.9;0;2;1;13;0.4;92;4;3632;1;1;0;3
599;1;2.9;0;0;1;64;0.3;186;8;3396;1;0;0;2
973;0;0.5;1;5;0;53;0.5;196;5;1861;0;1;0;1
1180;1;2.5;0;0;1;27;0.1;90;6;348;1;1;1;0
1237;1;2.5;0;7;0;13;0.8;98;4;2528;0;0;0;2
659;0;0.5;1;7;1;5;0.3;169;8;2190;1;1;0;1
1142;1;1.4;1;6;0;6;0.7;190;8;663;0;1;1;0
1002;0;2.7;1;16;1;11;0.4;185;6;961;1;0;1;0
1392;0;2.5;0;0;1;44;0.7;113;4;1280;1;0;1;1
602;0;0.9;0;9;0;50;0.9;141;8;2189;0;1;0;2
1249;1;0.5;0;3;1;55;0.8;140;3;531;1;1;1;0
531;1;0.5;1;0;1;12;0.5;121;4;2331;1;0;1;1
1450;0;2.1;0;1;0;31;0.6;114;5;794;0;1;1;1
1342;0;2.8;0;1;0;50;0.1;173;1;2644;0;1;1;2
832;1;0.5;0;5;1;22;0.6;198;1;1666;1;1;1;1
867;1;1.5;0;0;1;57;0.1;159;4;2157;1;0;0;1
1404;0;2.1;0;16;0;44;0.9;151;1;1196;0;0;1;1
840;0;0.9;1;6;0;33;0.7;150;6;2072;0;1;0;2
1368;0;0.5;0;10;1;42;0.2;91;1;1590;1;0;0;1
1927;0;0.9;1;3;0;11;0.4;190;8;2916;0;1;1;3
1714;0;0.5;1;7;0;31;0.4;120;2;3707;0;0;1;3
1201;1;0.5;0;1;1;10;0.4;198;6;726;1;1;0;0
1796;1;2.3;0;4;0;44;0.9;184;2;3577;1;1;0;3
1147;0;0.8;1;11;0;28;0.7;158;6;2627;1;0;1;2
776;1;1.7;0;0;1;20;1;146;4;685;1;1;1;0
510;0;2.6;0;0;0;33;0.1;110;6;1693;0;1;0;1
1045;1;1.2;1;3;1;40;0.1;175;6;2137;1;0;1;2
1497;1;0.9;1;4;1;10;0.1;153;8;3696;1;0;1;3
1425;1;0.6;0;0;1;33;0.5;89;3;3771;1;0;1;3
726;0;2.2;0;0;1;40;0.8;94;4;1342;1;1;1;0
1576;1;2;0;0;1;20;0.6;148;3;1379;1;0;1;1
714;1;2.1;1;5;1;11;0.1;197;3;1164;1;1;0;1
1595;0;1.9;1;1;0;63;0.9;88;1;908;0;0;1;1
541;0;1;0;0;1;10;0.4;127;4;1019;1;1;0;1
1617;1;2.6;0;14;0;29;0.9;113;6;3685;0;0;0;3
1154;0;1.1;1;2;1;5;0.2;98;1;1470;1;0;0;1
1638;0;1;0;6;0;2;0.2;189;1;2299;1;1;1;2
1150;1;2.7;0;0;0;39;0.4;151;8;999;1;1;0;0
1254;1;2.3;0;0;1;44;0.2;149;1;3011;1;1;0;2
1806;1;2;1;2;1;54;0.1;117;1;3142;1;0;1;3
603;0;1.5;0;8;0;12;0.7;114;6;1543;1;1;0;1
1834;0;2.1;0;7;1;40;0.1;99;4;3692;1;1;0;3
520;0;2.3;0;0;1;31;0.8;145;6;2753;1;0;1;1
565;0;0.6;1;1;0;50;0.1;158;2;2156;1;1;1;1
1689;1;0.5;0;11;0;9;0.5;150;5;2637;1;0;0;2
742;1;2.3;0;0;0;21;0.7;104;8;331;1;0;0;0
1143;0;1.2;1;1;1;22;1;125;3;1214;1;1;0;1
761;1;0.5;0;9;0;3;0.8;196;7;2248;1;1;1;2
959;1;1.3;1;0;0;36;0.4;196;5;3073;1;1;1;3
772;1;1.2;1;7;1;8;0.6;134;7;422;1;0;0;0
1015;1;0.8;0;5;0;12;0.5;102;3;2293;0;1;0;1
1824;1;1.9;1;9;1;2;0.7;103;1;3958;1;1;0;3
1130;1;0.5;1;1;1;29;0.7;130;1;432;1;1;1;0
1183;1;0.5;1;3;1;48;0.1;120;8;1152;1;0;0;0
574;1;2;1;0;1;26;0.5;118;6;1303;1;0;1;0
1472;0;3;0;4;1;20;0.3;169;2;797;1;1;0;0
1868;1;0.5;0;2;1;40;0.9;179;8;298;1;1;0;0
1375;0;2.9;0;2;0;20;0.4;147;6;3847;1;0;1;3
881;0;1;0;1;0;64;0.5;160;3;2110;1;1;1;1
1742;1;0.5;1;5;1;43;0.9;176;3;1921;1;1;0;2
1225;0;0.7;1;6;0;60;0.1;107;2;2423;1;0;0;2
1970;1;0.5;1;0;1;15;1;132;2;1658;1;1;1;2
1186;1;0.5;1;2;0;21;0.4;160;8;2361;1;0;0;1
1762;0;0.7;0;7;0;60;0.1;157;4;1380;1;0;0;1
1731;1;1.4;1;4;1;4;0.5;163;6;3892;1;1;1;3
852;0;1.8;1;5;1;8;0.8;160;5;315;1;0;0;0
848;1;1.5;1;4;1;36;0.3;151;4;2289;1;1;1;1
1575;0;2.5;1;0;1;11;0.2;185;7;2182;1;1;0;2
1554;0;2.8;1;7;0;23;0.1;105;6;2184;1;0;1;2
1972;1;1.6;0;0;0;48;0.5;92;8;2872;1;0;1;3
827;1;0.6;1;9;1;35;0.2;87;6;2367;1;0;1;1
1063;0;1.5;0;7;0;3;0.9;155;4;1919;1;1;0;1
1695;0;2.3;1;1;0;34;0.4;84;5;3296;0;0;0;3
1343;0;2.4;1;5;1;14;0.9;81;8;462;1;1;1;0
834;0;0.5;0;2;1;27;0.2;123;1;1591;1;1;0;1
595;0;2.6;0;0;1;20;0.4;122;2;1593;1;0;1;0
1081;1;1.9;1;13;1;42;0.1;101;7;2456;1;0;0;1
911;0;1.4;1;3;0;14;0.7;199;4;2933;0;1;0;3
844;0;2.2;1;1;1;22;0.9;197;7;3154;1;0;0;3
1335;1;3;0;3;0;60;0.8;180;2;3615;1;0;0;3
1883;0;1.6;0;9;0;24;0.1;87;1;3563;0;0;0;3
1128;1;0.5;1;6;0;33;0.6;147;8;1440;1;0;0;1
826;1;2.4;1;14;1;57;0.6;117;2;1907;1;0;0;1
1650;0;2.3;0;0;1;38;0.7;89;1;324;1;1;1;0
1162;0;1;0;0;0;50;0.5;104;4;1404;1;1;1;1
1517;0;2.5;0;2;1;8;0.8;169;4;2738;1;0;0;2
963;0;0.5;0;1;1;60;0.8;156;3;2722;1;0;0;2
1837;0;1;1;5;1;12;0.9;103;8;2294;1;0;1;3
1028;1;2.8;0;1;1;30;0.1;193;1;1424;1;0;1;1
1831;1;2.2;1;4;0;55;1;189;8;1133;0;1;0;1
571;1;2;1;5;1;58;0.6;101;6;555;1;0;1;0
1770;1;2.3;0;0;0;9;0.6;183;6;3785;1;0;1;3
970;1;1.3;1;5;0;59;0.2;84;7;3675;0;0;0;3
642;1;0.5;0;0;1;38;0.8;86;5;435;1;1;0;0
622;1;1.9;1;12;0;11;0.8;193;8;3183;1;1;1;2
600;1;1.8;0;9;1;6;0.8;199;2;3495;1;1;0;2
1412;0;0.6;0;9;0;57;0.2;86;3;1853;0;0;1;1
733;0;0.8;0;7;0;16;0.4;138;4;2648;1;1;0;2
1070;1;3;0;9;0;19;0.8;160;7;2647;0;1;0;2
875;1;0.7;1;1;0;30;0.7;146;8;702;1;1;1;0
1994;1;0.7;0;5;0;5;0.4;189;2;1836;1;0;0;2
823;0;1;1;9;1;18;0.2;182;5;3894;1;1;0;3
1908;0;0.5;0;9;1;30;1;111;2;2944;1;0;1;3
790;0;0.5;1;7;1;44;0.1;89;8;3424;1;1;0;3
1330;1;1.8;1;1;0;40;0.5;177;1;2678;1;1;1;2
1660;0;0.5;0;2;1;15;0.7;100;8;2424;1;1;0;2
1776;0;2.2;0;2;0;20;0.9;82;6;2671;0;1;1;3
1611;0;0.5;1;4;1;27;0.9;199;1;3078;1;0;1;2
1410;1;0.5;1;0;1;15;0.3;92;3;2304;1;1;0;2
1772;1;1.6;0;17;1;45;0.5;159;2;1146;1;1;0;1
1280;1;1.3;0;0;1;39;1;108;7;2335;1;0;1;1
1712;1;0.9;1;2;0;23;1;155;7;1422;1;1;0;1
1562;1;0.7;0;0;0;55;0.1;140;8;2096;0;0;0;2
891;0;1.9;1;1;1;18;0.1;153;6;1303;1;1;1;0
1957;0;1.2;1;18;1;36;0.8;151;2;1115;1;0;1;1
1110;0;0.6;0;1;0;42;0.9;192;5;456;1;1;0;0
875;1;1.4;1;1;1;43;0.6;104;8;3396;1;0;0;3
1211;1;1.2;0;0;0;28;0.3;130;2;2750;0;1;0;2
769;0;0.5;1;12;1;54;0.2;112;4;941;1;0;1;0
671;0;2.9;0;7;1;2;0.1;95;6;2278;1;0;0;2
1872;0;0.5;0;5;1;26;0.5;172;4;2273;1;0;1;2
1076;0;2.3;1;0;1;14;0.7;191;5;2355;1;1;1;2
1325;0;1.9;0;2;0;50;0.1;146;1;2328;1;0;0;2
911;1;2.2;1;1;1;28;0.5;182;2;2638;1;1;1;1
1273;1;0.7;0;1;0;23;0.6;178;6;558;1;0;0;0
1062;0;0.5;0;3;1;39;0.9;124;4;1345;1;0;1;0
1317;0;1.5;0;6;0;12;0.1;154;2;425;1;1;1;0
940;0;2.9;0;0;0;16;0.7;115;4;2192;1;1;1;1
729;1;2;0;0;0;14;0.6;135;6;3397;1;0;1;2
1494;0;2.4;0;6;1;3;0.9;93;7;1208;1;1;0;1
1546;1;1.6;1;2;1;27;0.7;124;2;267;1;1;0;0
1253;0;0.7;0;0;1;34;0.9;113;4;3518;1;1;1;3
895;0;0.5;1;6;0;16;0.3;164;8;3122;0;0;1;2
793;1;1.9;1;0;1;43;0.3;124;8;1050;1;1;1;0
1628;1;1.8;1;11;0;56;0.1;136;2;3358;1;1;1;3
625;0;2.7;1;2;0;42;0.8;138;8;2929;1;0;0;2
1110;0;1.5;0;2;1;12;0.3;153;8;624;1;0;0;0
999;0;1.7;0;6;0;49;0.6;132;1;1598;0;1;0;1
1856;0;0.5;1;0;1;24;0.1;155;5;2052;1;1;0;2
1715;0;2.6;1;9;1;15;0.6;120;6;1249;1;1;0;1
1897;1;1.9;0;2;1;54;0.3;154;2;412;1;0;0;0
1202;1;2.4;1;0;0;19;0.1;122;2;595;0;0;0;0
1171;1;1.7;1;2;0;19;0.3;167;7;263;0;0;0;0
964;0;2;0;0;1;22;0.7;86;8;2577;1;1;0;2
1973;1;2.4;1;6;0;46;0.1;193;4;639;0;0;1;0
1992;1;0.6;1;11;0;2;0.1;141;1;3206;1;1;0;3
546;1;2.6;1;5;0;26;1;159;5;1550;0;1;0;1
1093;0;0.5;0;1;1;31;0.6;171;2;1646;1;1;0;1
1880;1;2;0;11;0;35;0.1;200;4;1930;0;1;0;2
1765;0;1.1;0;3;0;11;0.7;87;2;3695;1;0;0;3
1640;0;0.5;1;1;1;36;0.9;87;8;3235;1;0;1;3
1830;0;0.5;0;0;0;7;0.9;191;6;2334;0;1;0;2
826;0;0.6;0;3;0;62;0.7;187;4;1998;0;0;0;1
1864;0;2.2;0;0;1;7;0.1;142;1;2258;1;0;0;2
586;1;0.6;0;16;1;42;0.3;121;7;1869;1;1;1;1
1206;0;3;1;10;1;30;0.6;127;3;1825;1;0;1;2
832;1;0.5;1;1;1;5;0.1;165;5;3946;1;1;1;3
848;1;2.8;0;1;0;8;0.1;103;7;436;1;1;1;0
1851;0;2.9;0;0;0;53;0.7;112;6;2678;1;0;0;2
1166;1;0.5;0;7;0;59;0.5;80;1;3887;1;0;1;3
1776;1;2.1;1;10;0;35;0.1;172;4;1813;1;1;1;1
1254;1;1.2;0;2;1;27;0.2;134;2;817;1;1;1;0
1494;0;1.6;1;4;1;24;0.2;101;1;3614;1;0;0;3
984;1;2.2;1;0;1;39;0.5;119;8;2013;1;1;0;1
1179;1;0.8;0;1;0;5;0.9;154;5;543;0;0;1;0
513;0;1.9;0;8;0;27;0.4;174;8;3400;0;1;1;2
557;0;0.5;1;3;0;17;0.2;89;6;2623;0;0;0;1
744;0;1.7;1;0;1;33;0.5;105;4;2700;1;0;0;2
1129;1;0.8;1;9;1;21;0.6;116;2;1400;1;1;0;1
1148;0;2.3;1;0;1;58;0.3;170;5;3127;1;0;0;2
1793;0;2.7;0;12;1;44;0.7;175;5;2803;1;1;1;3
1310;0;2.3;1;3;0;15;0.2;150;5;2518;0;1;1;2
1604;0;1.2;0;1;0;6;0.5;191;6;3564;1;1;0;3
1676;0;1.6;0;2;0;37;0.2;145;1;2515;1;0;1;2
1001;0;2.8;1;1;0;40;0.2;117;3;3654;1;1;1;3
1086;0;2.7;0;0;1;24;0.1;135;8;3930;1;1;1;3
1986;1;0.5;1;7;1;39;0.1;89;7;3476;1;1;0;3
634;1;0.8;0;5;0;41;0.2;192;1;3242;1;0;1;3
502;0;0.8;0;7;0;52;1;82;6;2666;1;1;0;2
1641;0;1.1;0;6;0;48;0.7;97;8;1695;1;0;1;2
623;0;1.4;1;0;1;15;0.2;189;3;3510;1;0;1;2
962;1;1.1;1;3;0;17;0.1;161;8;3438;0;0;0;3
1057;1;2.7;0;3;1;41;0.1;97;4;2033;1;1;0;1
1862;0;1.5;0;1;0;62;1;182;1;1017;1;0;0;1
555;1;3;1;5;1;38;0.8;193;2;1686;1;0;1;1
1000;0;2.7;0;1;1;58;1;135;5;862;1;0;0;0
841;0;0.5;0;6;1;11;0.3;81;5;957;1;1;0;0
865;0;2.9;0;5;0;16;0.1;89;4;3494;0;0;1;3
999;0;2.6;1;11;1;56;1;165;4;3083;1;1;1;2
1232;0;1.2;0;12;0;30;0.9;131;6;1656;1;1;1;1
1194;0;2.3;0;6;1;34;0.2;165;2;313;1;1;0;0
612;1;0.5;1;1;1;20;0.8;179;8;3282;1;1;1;3
1362;1;2.9;0;0;0;47;0.5;186;6;3629;0;1;1;3
1469;0;1.7;1;11;1;44;0.5;169;2;1687;1;1;1;1
986;1;0.8;0;13;1;28;0.8;182;4;1149;1;1;0;0
1843;0;2.8;0;1;1;62;0.8;104;3;3899;1;0;1;3
1561;0;0.5;1;10;1;4;0.5;134;2;1783;1;1;0;2
1695;1;0.5;1;2;1;47;0.5;189;5;1629;1;1;0;1
667;0;2.6;1;3;0;8;0.8;185;1;2528;0;1;0;2
1768;1;2;0;0;1;2;0.8;88;7;3256;1;1;0;3
1269;1;2.8;1;16;0;41;1;180;8;2341;0;0;1;2
1109;1;2.8;1;6;0;57;0.9;151;1;2785;1;0;0;2
936;0;0.5;1;14;1;14;0.1;164;3;3761;1;0;0;3
1713;1;2;0;9;1;5;0.7;199;6;1513;1;0;1;1
1175;1;1.7;1;1;1;45;0.6;167;2;2240;1;1;0;1
1940;1;1;1;0;1;5;0.2;194;4;820;1;1;1;1
855;1;0.5;0;2;1;59;0.5;159;2;1875;1;1;1;1
771;1;0.5;1;0;1;33;0.1;157;3;920;1;1;1;0
645;0;2.5;0;10;1;63;1;174;4;3615;1;0;1;2
1307;0;1.8;0;2;0;7;0.6;88;7;1412;0;0;1;1
1948;0;2.9;1;4;0;5;0.2;136;1;361;0;1;0;0
1509;0;0.6;1;5;0;50;0.3;81;4;1540;1;1;0;1
626;1;2.8;1;3;1;11;0.8;109;2;1077;1;0;1;0
1190;0;2;1;0;0;40;0.2;93;5;3610;0;0;1;3
1727;1;2.1;1;10;0;57;0.3;158;6;512;0;0;0;0
1670;1;3;0;14;0;62;0.5;114;8;3024;0;0;1;3
1150;1;0.5;1;4;1;27;1;134;1;1610;1;0;0;1
1208;0;2.9;0;5;1;16;1;175;1;2201;1;0;0;1
1812;1;1.3;1;4;1;42;1;162;7;3338;1;1;1;3
770;1;1.5;1;6;0;61;0.2;196;4;3473;0;0;1;3
1559;1;1.3;1;10;1;10;0.3;114;8;2203;1;1;1;1
1902;0;0.5;0;10;0;13;0.2;155;4;940;1;1;0;1
1751;0;2.5;0;1;0;4;0.6;146;8;1155;0;1;1;1
1416;1;1.8;1;0;0;20;0.1;93;4;3872;0;0;1;3
1288;0;0.5;1;3;1;61;0.2;115;6;1882;1;0;1;2
1003;1;2.9;0;16;1;16;0.6;119;8;1798;1;0;0;1
1715;1;0.5;1;1;1;18;0.1;96;6;2598;1;0;0;3
1967;0;0.5;0;0;1;46;0.6;199;1;1567;1;1;0;1
962;0;1;1;14;0;2;0.9;125;1;1491;1;0;0;1
1487;0;1.5;0;5;1;42;0.8;120;2;2003;1;0;0;2
1569;1;1.6;1;4;1;54;0.9;190;4;3905;1;0;0;3
1146;0;3;0;5;1;57;0.4;111;5;291;1;1;1;0
1379;1;1.5;0;6;1;9;0.8;118;8;1693;1;0;1;1
1504;0;1.9;1;7;1;25;0.3;152;4;1788;1;0;1;1
1945;0;1.2;0;3;0;26;0.7;112;6;3322;0;0;1;3
1630;1;2.8;1;0;1;32;0.9;80;6;1751;1;0;1;2
1125;1;2.7;0;10;0;23;0.4;117;1;1641;1;1;0;1
614;1;0.7;0;4;1;51;0.1;178;7;2854;1;0;1;2
854;0;1;0;5;1;17;0.9;101;4;3115;1;0;0;2
1470;1;1.7;1;6;0;45;0.1;121;1;3259;1;0;1;3
1826;1;0.5;1;5;1;49;0.6;172;8;1612;1;1;0;2
807;1;0.5;1;0;0;37;0.2;127;4;2319;0;0;0;1
1996;1;2.8;1;0;1;7;0.1;138;5;1258;1;0;0;1
1083;1;2;0;3;0;41;0.7;158;5;1543;0;0;1;1
1035;0;0.5;1;14;1;49;0.3;178;2;3991;1;0;0;3
1521;1;1.6;0;5;1;62;0.3;143;1;3555;1;0;0;3
1314;1;2.8;1;13;1;5;1;87;4;3411;1;0;0;3
535;0;1.9;0;5;0;24;0.2;190;8;524;0;0;0;0
673;1;1.9;0;13;1;35;0.4;142;6;3541;1;0;1;3
1219;0;1.6;1;5;0;4;0.3;169;6;1998;0;0;0;2
1606;1;0.5;1;0;1;33;0.9;200;5;3437;1;0;0;3
1603;1;0.5;1;1;1;17;0.5;114;2;1637;1;0;1;1
1958;0;0.5;0;6;1;52;0.4;153;1;3064;1;0;0;3
695;0;0.5;0;18;1;12;0.6;196;2;2855;1;1;1;2
1441;0;0.6;1;0;1;53;0.5;106;1;1393;1;1;1;1
1470;0;2.2;1;4;1;33;0.4;138;7;1633;1;0;0;2
1890;0;1.1;0;4;1;48;0.5;127;4;2392;1;0;1;3
1152;1;2.1;1;0;1;26;0.3;82;2;3284;1;0;1;3
1619;1;0.9;0;3;0;20;0.9;117;6;464;1;0;1;0
1002;1;1.8;0;1;0;45;0.7;180;7;1234;1;1;0;0
742;1;0.5;0;0;1;36;0.7;139;3;292;1;1;1;0
1306;1;2.1;1;2;1;33;0.4;174;3;2521;1;0;0;2
1424;1;2.9;1;0;0;20;0.6;180;5;2658;1;0;0;2
942;0;1.4;1;8;0;27;0.5;91;4;587;0;1;1;0
1934;1;2.7;0;8;1;2;0.1;118;4;2190;1;0;1;2
1290;1;1.4;1;19;1;35;0.3;110;4;879;1;0;0;0
930;0;2.1;1;0;0;54;0.9;80;1;1743;0;1;0;2
1699;1;0.5;0;16;0;21;0.1;156;4;1181;1;1;0;1
1849;1;0.5;0;1;0;29;0.5;181;7;3330;1;0;1;3
1922;0;0.5;0;15;1;42;0.6;153;8;3564;1;0;0;3
548;0;1;1;0;1;56;0.4;146;4;562;1;1;1;0
916;1;0.5;0;0;1;47;0.2;82;4;1659;1;1;0;1
1783;1;0.5;0;8;0;14;0.6;183;8;1816;0;0;1;2
1083;1;1.4;1;2;1;49;0.8;156;5;1338;1;1;1;0
1698;0;2.8;0;10;1;7;0.8;131;8;2992;1;1;0;2
1969;0;0.8;1;5;1;7;0.2;85;8;315;1;1;0;0
869;0;1.9;0;0;0;2;0.6;197;7;3249;0;0;1;2
1337;1;2.7;1;0;0;5;0.7;200;4;3242;0;1;0;2
637;1;0.8;1;2;0;28;0.6;194;4;2725;0;0;0;2
833;1;0.6;1;0;1;27;0.3;145;4;586;1;0;1;0
1248;0;2.4;0;6;1;9;0.4;89;3;2454;1;1;0;2
1174;1;0.9;0;7;0;30;1;147;4;804;0;1;1;0
1831;1;2.3;0;3;1;44;0.2;148;7;2460;1;0;0;2
1002;0;2.6;1;7;0;27;0.1;146;1;1295;1;0;1;0
1010;1;2;1;2;1;8;0.9;139;5;2625;1;1;0;2
1117;1;0.5;1;2;0;21;0.1;177;2;1999;1;0;1;1
990;1;2.7;1;3;0;15;0.9;153;2;2698;1;0;0;2
1564;0;1.4;0;5;1;26;0.1;129;6;3742;1;1;0;3
1065;0;2.8;1;0;1;21;0.1;158;5;1193;1;0;1;1
1982;0;1.1;0;12;0;24;0.1;129;7;3511;1;1;1;3
1607;0;1.1;1;6;1;20;1;192;2;885;1;1;0;0
1066;0;3;1;6;1;5;0.5;167;5;1044;1;0;0;0
681;0;0.5;1;12;1;17;0.9;194;5;2548;1;0;1;2
1163;1;2.1;1;0;1;19;0.9;132;2;2940;1;0;1;2
1285;0;0.8;1;4;1;11;0.8;199;5;3966;1;1;1;3
753;1;0.5;0;11;1;48;0.1;121;8;3484;1;0;0;3
1779;1;2.6;1;2;0;5;0.8;90;1;1246;0;1;0;1
987;1;1.9;0;4;1;52;0.5;83;3;2757;1;1;0;2
511;0;0.9;1;15;1;24;0.6;136;3;2378;1;0;0;1
1044;0;1.8;0;4;1;12;0.7;104;6;1794;1;1;1;1
1855;0;0.5;0;5;0;32;0.6;187;8;3933;1;0;1;3
946;1;1.4;0;9;0;26;0.1;186;6;1637;1;0;1;0
657;1;1.9;1;2;0;21;0.1;110;8;783;1;1;0;0
1673;1;1.6;0;2;0;42;0.5;182;5;3094;0;0;0;2
731;1;0.5;1;0;1;28;0.5;130;8;1774;1;0;0;1
926;1;0.8;0;6;1;59;0.8;161;7;256;1;0;1;0
1261;0;0.5;0;3;1;52;0.3;86;2;1365;1;0;1;1
618;0;1.1;0;11;1;45;0.2;188;3;2339;1;1;0;2
936;1;2.3;0;5;1;57;0.2;129;2;2049;1;1;0;1
1485;1;0.9;1;0;1;28;0.8;158;5;3241;1;1;0;3
1339;1;0.5;1;10;1;21;0.5;80;4;867;1;1;0;0
508;1;1.3;0;1;0;50;0.7;82;5;2175;0;0;1;1
1938;1;0.5;1;5;0;44;0.5;121;2;3497;0;1;0;3
995;0;1.3;1;1;0;10;0.1;104;4;609;1;0;1;0
1086;1;1.7;1;0;1;43;0.2;111;6;3285;1;1;0;2
1322;0;2.3;1;1;1;35;0.1;157;1;3684;1;0;0;3
1864;0;1.9;1;2;0;57;0.1;181;6;3586;0;0;1;3
1944;1;0.5;0;1;1;26;0.5;92;4;2322;1;0;1;2
581;0;0.6;0;5;1;56;0.2;180;2;354;1;1;1;0
1020;1;0.7;1;3;1;27;0.7;128;4;3204;1;0;1;3
1936;0;1.3;0;2;0;44;0.1;139;3;1400;0;0;1;1
1329;1;1.7;0;5;1;23;0.6;198;8;2308;1;1;0;1
808;1;0.5;1;3;0;46;0.5;105;8;1082;1;0;1;0
994;0;1.2;1;4;0;40;0.9;164;2;3104;0;0;0;2
1811;1;2;0;3;1;22;0.2;82;2;2847;1;0;1;2
765;1;2.5;0;3;0;44;0.3;88;8;2256;0;1;1;2
993;1;2.3;1;0;0;16;0.4;106;7;1113;0;0;1;0
1136;1;1.6;0;15;0;32;0.5;150;6;3210;1;1;1;3
719;1;0.5;1;0;1;23;0.4;113;6;3990;1;1;1;3
733;1;0.6;1;0;0;63;0.3;105;7;984;1;0;1;0
1946;0;2.7;1;8;0;8;0.3;123;8;3117;1;0;0;3
1230;1;1.6;0;0;1;48;0.7;111;7;1622;1;1;1;2
1577;0;1;1;0;1;64;0.1;105;3;2967;1;1;1;3
1514;1;1.4;0;3;1;12;0.6;138;3;1037;1;0;1;0
579;1;2.5;0;3;0;7;1;89;8;2908;0;0;1;2
574;1;3;0;1;1;30;0.9;126;2;1167;1;0;0;0
1072;1;2.2;1;6;0;19;0.4;114;8;2715;0;1;0;2
843;0;1.3;1;1;0;16;0.9;119;7;1734;0;0;1;1
1492;1;1.5;0;5;0;11;0.9;85;3;2259;0;1;1;3
1807;1;2.9;0;0;0;16;0.2;125;3;2921;0;1;0;3
909;1;0.7;1;7;0;47;0.1;146;3;1244;0;1;0;0
1876;0;1.3;1;9;1;64;1;98;3;3132;1;1;1;3
1436;1;2.4;1;3;1;23;0.3;106;5;2488;1;0;0;2
1251;0;0.5;1;10;1;29;0.7;133;6;1052;1;0;0;0
636;0;0.5;0;8;1;28;0.9;152;2;2927;1;0;0;2
1354;1;0.7;1;3;1;26;0.5;136;4;2090;1;1;0;1
930;1;0.5;1;3;1;34;0.5;190;4;2131;1;0;1;2
1830;1;1;0;7;1;47;0.3;117;1;3362;1;0;0;3
1424;0;0.5;1;16;1;23;0.6;80;4;1053;1;1;1;1
583;1;0.9;1;1;0;51;0.9;88;8;1799;0;1;0;1
648;1;0.5;1;9;1;54;0.4;109;5;3124;1;0;0;3
1203;1;0.5;1;0;1;11;0.9;109;2;1672;1;1;0;0
1777;0;2.2;1;0;0;15;0.2;100;4;1552;1;1;0;1
1299;1;2.8;1;0;0;64;0.5;83;6;1938;1;0;1;1
1494;0;1.9;0;2;1;47;0.4;129;2;3202;1;0;0;3
527;0;0.7;1;4;0;53;0.9;128;1;1302;0;0;0;0
793;1;2.8;1;1;1;64;0.4;179;4;2296;1;1;0;1
873;1;0.5;1;6;0;8;0.6;152;7;575;1;0;1;0
722;0;1.1;0;12;0;12;1;93;6;2359;0;0;0;1
1250;1;1.5;0;14;1;20;0.4;167;5;3314;1;1;1;2
1358;0;1.7;0;0;0;60;0.6;147;3;440;1;0;0;0
1035;1;1.9;1;8;0;11;1;173;6;2002;1;1;0;1
1289;0;0.8;1;3;1;16;0.9;161;6;3167;1;1;0;3
1445;0;2.2;1;2;0;37;0.4;82;2;3480;1;1;1;3
1702;1;2.3;1;12;1;47;0.6;107;2;595;1;0;1;1
534;0;0.5;1;4;0;2;0.2;85;5;2466;0;1;1;2
628;1;1.8;0;5;0;60;0.2;87;6;1337;0;1;0;1
713;0;1.4;1;4;0;53;0.8;98;1;1462;1;0;1;0
1207;0;0.5;0;0;0;58;0.3;112;8;503;1;1;0;0
683;1;2.1;0;7;0;30;0.1;197;7;2066;0;0;0;1
594;1;2.6;0;1;0;27;0.1;196;5;708;0;1;1;0
537;1;2;0;1;1;55;0.3;103;7;2029;1;1;1;1
1565;1;0.5;0;0;0;38;0.1;121;5;308;1;1;1;0
1052;0;0.9;0;1;0;6;0.8;195;4;552;0;0;1;0
713;0;1.6;0;4;1;63;0.7;89;2;2082;1;0;0;1
1766;1;0.5;1;1;0;16;0.6;141;5;3314;0;0;1;3
584;1;1.7;1;1;1;19;0.4;199;4;3996;1;1;1;3
1541;1;1.5;1;6;1;5;0.5;109;4;1795;1;1;1;1
837;0;2.4;1;1;0;51;0.2;104;5;594;1;0;1;0
935;1;0.5;1;3;1;58;0.1;155;5;2473;1;0;1;2
665;1;0.7;0;0;1;31;0.1;185;5;690;1;0;0;0
680;1;2.4;0;13;1;34;0.4;157;2;3845;1;1;1;3
877;0;1.5;1;0;1;17;0.1;195;7;2004;1;1;1;1
1493;0;1.5;1;13;0;53;0.5;102;5;2083;0;1;1;2
1762;0;0.6;0;3;1;26;0.1;83;6;2661;1;1;0;2
842;1;1.8;1;4;0;57;1;124;3;1903;0;1;0;1
925;1;2.1;0;9;0;56;0.2;196;1;2466;1;0;0;2
1692;0;2.1;0;4;1;2;0.9;106;1;3779;1;1;1;3
1576;1;2.2;0;8;0;5;0.7;139;3;3904;1;1;1;3
1065;0;1.7;1;4;1;48;0.3;162;6;265;1;0;0;0
958;1;1.6;0;9;1;60;0.4;200;1;1417;1;0;1;0
623;1;0.8;0;6;1;26;0.3;197;7;1769;1;0;0;1
897;0;1.4;1;1;0;17;0.4;171;1;2948;0;0;1;2
1110;0;1.5;0;4;1;41;0.1;152;3;2572;1;0;1;2
616;1;2.2;0;3;1;21;0.8;150;7;3267;1;0;0;2
1680;1;1.2;1;6;1;37;0.7;168;4;1459;1;1;0;1
1715;0;1.3;0;0;1;12;0.3;94;8;1633;1;1;1;2
983;0;0.6;1;0;1;45;0.1;130;4;2052;1;0;1;1
720;1;0.9;1;12;1;14;0.8;165;4;1086;1;1;0;0
1660;0;0.6;0;2;1;24;0.8;169;2;2402;1;1;1;2
1564;0;1.5;1;1;0;42;0.7;108;2;3376;0;1;0;3
592;0;0.8;1;1;0;52;0.9;103;7;1507;0;0;1;0
969;0;1.8;1;2;1;44;0.6;158;3;641;1;0;1;0
1356;1;0.5;1;0;0;35;0.8;131;1;3451;1;1;1;3
504;1;1;0;8;0;14;0.5;189;7;1607;1;1;1;0
1546;1;0.5;1;3;1;6;0.2;101;1;3521;1;0;0;3
689;0;2.9;1;3;1;7;0.8;147;2;1241;1;0;0;0
1685;0;0.6;0;14;0;16;0.6;137;7;881;0;1;1;0
1792;1;1;0;3;1;62;0.3;170;7;2563;1;0;1;3
1786;0;1.2;0;11;0;61;0.1;123;3;3033;0;1;0;3
1944;0;0.6;1;9;1;59;0.2;132;7;769;1;0;1;0
1077;1;2.5;0;13;1;49;0.6;131;4;3454;1;0;1;3
648;1;1.8;0;1;1;60;0.1;195;4;819;1;0;0;0
1702;1;0.5;1;8;0;2;0.6;185;6;435;0;1;1;0
1571;0;2.9;0;1;0;30;0.9;150;7;586;0;1;1;0
856;1;1.1;1;14;1;19;0.7;125;6;650;1;0;1;0
1786;0;2.6;0;6;0;14;1;115;4;3038;1;0;0;3
914;1;0.7;0;1;1;60;0.9;198;5;3736;1;0;0;3
1615;1;2.8;0;3;0;9;0.9;117;1;2948;1;1;0;2
649;1;1.4;0;4;1;19;0.8;190;7;739;1;1;0;0
1646;0;2.5;0;3;1;25;0.6;200;2;686;1;1;0;0
1189;1;1.9;0;5;0;7;0.5;164;2;841;0;1;0;0
1043;0;2.7;0;3;0;29;0.2;83;8;1183;1;0;0;0
1920;0;0.6;1;3;1;19;0.5;131;3;3943;1;1;0;3
1220;1;2.8;0;1;0;54;0.7;109;7;1037;1;0;0;0
1748;1;0.5;1;11;1;53;0.5;114;4;2633;1;0;0;2
907;1;2.6;1;7;0;44;0.2;160;3;3911;0;0;0;3
1193;1;2.3;0;7;0;20;1;158;7;1958;1;0;0;2
1766;1;0.5;1;1;1;22;0.8;122;8;3297;1;0;0;3
1278;1;1;0;7;1;24;0.8;170;3;3141;1;1;1;3
1234;0;1.7;1;8;0;17;0.9;174;6;3351;0;0;1;2
1961;1;1.5;0;10;0;55;0.5;100;7;2355;1;1;1;3
1745;0;2.9;0;0;1;3;0.9;105;3;1308;1;1;0;1
1442;0;0.6;1;1;0;27;0.4;127;5;991;1;0;0;0
1083;1;2.9;1;1;1;39;1;173;8;3248;1;0;1;2
868;1;0.9;0;5;0;5;0.4;137;4;1519;0;0;1;0
864;0;1.6;1;0;1;53;0.3;88;6;493;1;1;0;0
1142;1;1.2;0;0;0;2;0.6;114;6;1747;0;1;0;1
608;1;0.5;1;0;0;64;0.9;94;4;2517;1;1;1;1
983;0;1.8;0;0;1;53;0.9;187;1;1389;1;1;1;1
1720;0;1.6;0;18;1;2;0.8;188;5;2522;1;0;1;2
1802;1;1.2;1;8;0;27;0.5;116;5;1885;1;1;0;2
591;0;2.1;1;18;1;16;0.5;196;7;704;1;1;1;0
1205;1;2.7;0;5;0;10;0.1;163;6;953;0;1;1;0
1369;1;1.7;1;3;0;28;0.6;108;1;3206;0;0;0;3
713;0;0.9;1;0;0;42;0.1;94;1;928;0;0;1;0
1082;0;2.3;1;11;0;2;1;101;4;2177;0;1;0;1
1719;1;2.1;1;0;0;52;0.1;187;3;2610;1;1;1;2
1544;0;2.4;0;18;1;12;0.1;186;7;489;1;0;1;0
1090;1;2.3;0;1;1;8;0.6;128;8;3839;1;0;1;3
1991;0;2.8;0;3;1;15;0.1;181;1;1861;1;1;1;1
1367;0;2.9;0;4;0;56;0.8;176;2;299;0;1;0;0
1179;1;0.5;0;7;1;32;0.3;182;2;340;1;0;0;0
721;1;2.7;1;1;1;15;0.2;102;5;3606;1;1;1;3
1549;1;1.8;1;0;0;62;0.7;91;4;799;1;0;1;0
1349;1;2.1;1;3;0;46;0.9;134;6;2367;1;0;1;1
1799;0;1;0;1;1;30;0.6;123;3;445;1;1;0;0
1075;0;0.5;1;2;0;11;0.2;122;1;3927;1;0;0;3
684;1;0.9;1;3;1;63;1;157;5;3756;1;1;1;3
1837;0;0.5;0;9;0;36;0.9;162;4;770;0;0;1;0
1619;1;1.9;0;2;1;21;0.4;138;1;1641;1;0;0;1
965;1;1.4;0;1;0;13;0.9;197;8;2343;1;0;0;2
730;0;1.5;0;9;0;9;0.7;122;4;2787;1;0;1;2
1361;1;1.4;0;1;0;47;1;169;5;2495;0;0;1;2
1494;0;1.6;0;3;1;45;0.8;158;5;3208;1;0;0;3
1027;1;0.8;0;7;0;18;1;146;7;1234;1;0;1;0
1807;0;0.8;1;0;1;38;0.2;97;8;1069;1;0;0;1
709;0;2.4;1;1;0;11;0.1;130;5;3568;0;0;1;3
689;0;1.4;0;2;0;45;0.5;103;5;3585;1;0;0;3
955;1;0.5;0;2;0;2;0.6;155;4;1974;1;1;0;1
1872;1;1.9;0;5;0;35;0.6;111;3;2419;0;0;0;3
1259;0;1.2;1;0;0;13;0.5;97;2;340;1;0;1;0
695;0;1.2;0;1;1;41;0.4;169;8;2282;1;1;0;1
1969;0;1.2;1;9;0;63;0.2;132;4;298;1;1;0;0
759;0;2.5;0;3;1;39;0.3;162;2;968;1;0;0;0
936;0;1;0;1;0;18;0.2;153;3;2391;1;1;1;2
1176;1;2.1;0;2;1;62;0.5;168;2;1534;1;0;0;1
1802;0;2.7;1;0;1;10;0.6;101;7;696;1;1;0;0
772;0;1;1;0;1;23;0.6;97;7;2782;1;0;0;2
1318;1;2.4;0;1;1;45;0.1;136;2;755;1;0;1;0
591;1;0.5;1;1;1;16;0.9;90;6;3746;1;1;0;3
569;1;2.5;1;0;0;41;0.3;124;1;2651;0;0;0;1
764;0;1;1;9;1;45;0.5;124;8;1341;1;0;0;0
1056;1;2.1;1;8;1;37;0.7;101;3;2651;1;1;1;2
1982;1;1.6;0;2;1;12;0.2;80;5;1824;1;1;1;1
1830;1;0.5;0;5;0;14;0.8;160;6;1905;1;1;1;2
1122;0;0.5;0;0;1;40;0.3;156;7;1456;1;1;0;1
1023;1;0.7;0;2;1;63;0.7;153;7;3155;1;1;1;3
1283;1;2.4;1;8;1;33;1;93;3;773;1;1;0;0
1602;0;1.6;1;0;1;35;0.1;99;7;1829;1;0;0;2
732;1;1.3;0;5;1;32;0.4;163;8;3883;1;0;1;3
1854;0;0.9;1;0;1;33;0.4;195;1;1675;1;0;1;1
718;1;1.6;1;1;1;30;0.4;93;3;1601;1;1;1;1
897;1;2;0;3;1;2;0.6;154;8;1958;1;1;0;1
1405;0;1.7;0;0;0;8;0.3;107;4;2376;0;1;0;2
798;0;0.6;1;6;1;21;0.5;110;2;1647;1;0;0;1
1035;1;2.7;0;1;0;40;0.2;157;5;3548;0;1;1;3
1396;1;0.6;0;0;0;37;0.7;134;4;2694;0;0;1;2
1749;1;0.5;1;7;1;49;0.8;178;1;2195;1;0;1;2
1588;1;2.5;0;12;1;4;0.3;148;5;2506;1;0;0;2
1600;0;0.5;0;1;1;16;0.3;94;4;2073;1;1;0;2
1522;0;2.2;0;4;0;21;0.7;162;6;3767;0;0;1;3
1279;1;2.5;0;5;1;7;0.5;105;6;1150;1;0;0;1
719;0;2.9;0;7;0;6;0.7;102;6;841;1;0;0;0
544;1;0.5;1;2;1;7;0.2;129;5;1675;1;1;0;0
1007;1;2.9;1;5;1;21;0.8;185;8;1301;1;1;0;0
590;1;1.2;1;0;0;32;0.4;141;6;1817;0;1;0;0
1788;0;0.5;0;0;1;6;0.2;141;6;2321;1;1;0;2
748;0;1.4;0;0;0;25;1;110;7;1974;0;1;1;1
757;1;0.9;1;4;0;64;0.5;157;7;3433;1;1;0;2
1561;1;1.6;1;1;1;27;0.8;174;3;1205;1;1;0;1
1327;0;2.8;0;10;0;23;0.5;89;7;872;1;1;1;0
797;1;1.5;1;4;0;18;0.6;81;8;2052;1;1;1;1
727;1;2.5;1;0;1;64;0.2;193;1;3654;1;1;0;3
686;1;2.7;1;0;0;36;0.1;194;4;1503;0;0;0;0
1515;1;2.1;1;4;1;24;0.9;176;5;3104;1;0;0;3
555;1;0.5;1;2;0;17;0.2;163;5;343;0;1;1;0
1589;0;0.6;0;0;0;5;0.8;112;5;3430;1;1;1;3
1976;1;2.6;1;6;0;45;1;136;4;2470;0;0;0;3
1884;0;1;1;3;0;24;0.5;149;6;1396;1;1;1;1
1063;0;2;0;0;0;27;0.2;86;6;2668;0;0;0;2
672;1;0.6;1;13;0;61;0.1;194;5;1457;1;0;1;0
635;1;0.5;0;9;0;16;1;110;7;2452;1;0;0;2
1906;1;1.9;1;3;0;55;0.2;113;3;1871;1;0;1;1
1753;0;0.7;0;4;0;40;0.6;191;4;1112;1;1;1;1
659;0;1.4;1;2;1;3;0.1;85;8;967;1;0;1;0
1583;0;1.2;1;0;0;14;0.2;148;2;2498;0;0;1;2
1783;0;2.9;1;2;0;42;0.7;104;6;387;0;1;0;1
1667;0;1;1;0;1;21;0.9;138;2;635;1;0;0;0
640;0;1.3;1;5;1;6;0.6;143;8;2711;1;1;0;2
1913;1;1.8;0;0;0;29;0.6;111;5;2023;1;1;0;2
538;0;1.1;1;0;1;25;0.3;163;7;2215;1;1;1;1
1191;0;0.8;0;6;1;46;0.8;89;6;824;1;0;0;0
816;0;3;1;2;0;9;0.1;117;1;3851;1;0;1;3
915;1;0.5;1;9;1;33;0.3;199;2;2156;1;1;0;1
1157;1;0.8;0;7;0;27;0.1;88;8;2885;1;0;1;3
1201;1;0.5;0;2;0;10;1;99;7;495;1;1;1;0
1379;0;1.1;1;1;1;18;0.2;129;2;2358;1;1;0;2
1483;1;2.2;0;3;1;53;0.7;169;5;1744;1;0;0;1
1614;0;1.2;0;1;1;9;0.1;161;3;1832;1;0;0;1
930;1;1;1;4;1;4;0.9;144;8;2016;1;1;1;1
1454;0;2.6;0;8;0;6;0.4;199;3;1300;0;0;1;1
1784;0;1.6;0;4;0;41;0.4;164;6;2313;0;1;0;2
1262;0;1.8;1;12;0;34;0.1;149;5;3248;0;1;1;2
797;0;2.2;1;0;0;37;0.9;144;7;2216;1;0;0;1
1829;1;2.1;0;8;0;59;0.1;91;5;3142;1;1;1;3
1139;1;0.9;1;6;1;58;0.5;161;2;1850;1;0;0;1
618;1;1;0;9;1;13;0.1;80;4;1424;1;1;0;0
1547;1;2.9;0;2;0;57;0.4;114;1;1620;0;1;1;1
586;0;2.8;0;2;0;15;0.2;83;3;2592;0;0;0;1
1617;1;2.4;0;8;1;36;0.8;85;1;296;1;0;0;0
1882;0;2;0;11;1;44;0.8;113;8;3579;1;1;0;3
674;1;2.9;1;1;0;21;0.2;198;3;1180;1;1;1;0
1467;1;0.5;0;0;0;18;0.6;122;5;3962;1;1;1;3
858;0;2.2;0;1;0;50;0.1;84;1;3978;1;1;0;3
794;1;0.5;1;0;1;2;0.8;106;6;668;1;1;0;0
1965;1;2.6;1;0;0;39;0.2;187;4;2032;1;1;1;2
1911;0;0.9;1;1;1;36;0.7;108;8;3057;1;1;0;3
1512;0;0.9;0;4;1;46;0.1;145;5;869;1;1;1;0
510;1;2;1;5;1;45;0.9;168;6;3919;1;1;1;3
